account number,card number,name,phone,email,address,city,postalZip,region,country
KZ246977514125755775,522336 8516983980,Timon Todd,1-880-828-6330,timontodd@yopmail.com,"P.O. Box 819, 2668 Arcu. Av.",Wonju,13371,Gangwon,South Korea
VG7324258604826308266425,6.77E+15,Eaton Richmond,1-522-325-4262,eatonrichmond@yopmail.com,Ap #550-9566 Enim Road,Benalla,3838,Victoria,Australia
NL44JLQU9362614187,575151 838851 1760,Carissa Ross,1-826-936-1558,carissaross3902@yopmail.com,"P.O. Box 509, 5770 Non, Street",Middelburg,7271 GU,Zeeland,Netherlands
CR7416287732634460068,453978 2828164411,Steven Manning,1-675-391-8888,stevenmanning6539@yopmail.com,812-6815 Nunc Rd.,Tehuacán,54162-26895,Puebla,Mexico
RO77LUOI2763438193668859,633 48177 56479 840,Malachi Taylor,1-782-137-0830,malachitaylor8415@yopmail.com,"9337 Lectus, Road",Huancayo,36611,Junín,Peru
IE05WXHS58012276446389,417 50017 29388 188,Fay Nguyen,1-884-715-5571,faynguyen@yopmail.com,Ap #440-1713 Non Street,Tagum,8833,Davao Region,Philippines
RS28287403825528701823,6.77E+18,Freya Whitney,1-734-600-8789,freyawhitney@yopmail.com,1959 Dui. Av.,Lipa,6632,Calabarzon,Philippines
BE36362782258581,3.78E+14,India Sears,1-364-528-4585,indiasears@yopmail.com,"P.O. Box 687, 2857 Et Street",Lakki Marwat,641315,Khyber Pakhtoonkhwa,Pakistan
FO2257531471211371,6.71E+17,Veronica Brennan,1-568-523-2683,veronicabrennan@yopmail.com,Ap #329-6281 Auctor Rd.,Oroquieta,9063,Northern Mindanao,Philippines
NO8358480541558,503829 564634 4970,Logan Terry,1-688-268-8213,loganterry2881@yopmail.com,749-2372 Sodales Av.,Trà Vinh,926114,Trà Vinh,Vietnam
DK7682231603173354,3.64E+14,Brock Campos,1-655-884-6323,brockcampos@yopmail.com,320-7085 Velit. Avenue,Valdivia,722051,Los Ríos,Chile
HU97361913199831393446555521,3.66E+14,Sonya Monroe,1-463-171-8761,sonyamonroe@yopmail.com,Ap #836-1478 Sit Street,Seogwipo,6401,Jeju,South Korea
HU60617054618232926056628711,3453 666547 56255,Galena Romero,1-843-735-4596,galenaromero@yopmail.com,Ap #408-9931 Elit St.,Western Islands,594535,West Region,Singapore
LU233803822825932856,648443 3784677542,Stone Dunn,1-727-318-1721,stonedunn2292@yopmail.com,"P.O. Box 335, 1841 Nulla Rd.",Oostende,7336,West-Vlaanderen,Belgium
AL80594572751550325608346654,3444 631247 54225,Brent Hoffman,1-579-402-6849,brenthoffman3425@yopmail.com,Ap #730-1761 Vulputate St.,Diamer,896145,Gilgit Baltistan,Pakistan
GE82242370429494073292,633 46451 34523 728,Iliana Cleveland,1-227-558-5317,ilianacleveland6655@yopmail.com,8833 In St.,Yogyakarta,26325,Special Region of Yogyakarta,Indonesia
PL35541914672558652466696805,657488 8866624731,Blake Doyle,1-259-563-7834,blakedoyle@yopmail.com,"P.O. Box 136, 3001 Ac Ave",Zoerle-Parwijs,1608,Antwerpen,Belgium
ME15601109112152784856,5171 2979 6743 5731,Jaime Compton,1-804-775-5888,jaimecompton@yopmail.com,2657 Lorem Avenue,Sandnessjøen,1920,Nordland,Norway
ME98542484711262179779,3.62E+14,Tatiana Lester,1-478-255-2687,tatianalester8267@yopmail.com,"Ap #619-8905 Sed, Avenue",Chungju,3242,North Chungcheong,South Korea
KZ465621017520714176,3.79E+14,Isaac Gates,1-409-786-7939,isaacgates@yopmail.com,"Ap #174-4772 Pellentesque, Rd.",Guangdong,965313,Zhōngnán,China
SA7225454423705696375783,4.91E+15,Lane Durham,1-510-898-3383,lanedurham@yopmail.com,Ap #927-7211 Justo St.,Łomża,29-333,Podlaskie,Poland
DK9163768580876331,644586 718398 7572,Leandra Glenn,1-260-730-3938,leandraglenn3182@yopmail.com,6043 Eget St.,Newcastle,2951-7708,KwaZulu-Natal,South Africa
LV06FRHL5443132474699,6.71E+16,Abigail Delgado,1-703-861-5896,abigaildelgado8746@yopmail.com,"Ap #491-7504 Ut, Street",Juazeiro do Norte,62222-375,Ceará,Brazil
MU6455818335035558798757257593,402695 6937938960,Merrill Walls,1-473-725-6382,merrillwalls@yopmail.com,728-6562 Ante. St.,Huacho,30125,Lima,Peru
GI22IDQO589189886685288,453 23733 65774 619,Justine Hale,1-302-643-3833,justinehale@yopmail.com,"Ap #785-8997 Egestas, St.",Carmen,30814,Cartago,Costa Rica
BE32525913237158,630434 659232 9627,Quinn Hickman,1-900-618-4975,quinnhickman8240@yopmail.com,"Ap #895-5513 Convallis, Ave",Farsund,4033,Agder,Norway
GE94823316817677544919,4026 5446 5758 1440,Jorden Atkinson,1-322-769-9340,jordenatkinson6424@yopmail.com,5182 Urna Av.,Jaén,32953,Cajamarca,Peru
MK67495672347552084,513474 5715796719,Hiram Juarez,1-326-924-1163,hiramjuarez@yopmail.com,9122 Fringilla Rd.,Dublin,6681,Leinster,Ireland
PT60850765678418382205158,6.30E+18,Wyoming Carrillo,1-276-448-6864,wyomingcarrillo3805@yopmail.com,"P.O. Box 555, 9080 Et St.",Dunedin,3495,South Island,New Zealand
PS251467203204755474697380596,3713 167443 44940,Idola Velazquez,1-254-524-8854,idolavelazquez5600@yopmail.com,Ap #714-627 Cras Street,Bonn,51084,Nordrhein-Westphalen,Germany
SK7532113250145271617256,670642 6838562621,Carl Peterson,1-858-223-5748,carlpeterson5231@yopmail.com,7836 Rutrum Rd.,San Pedro Garza García,82309-55733,Nuevo León,Mexico
LT480241241752441645,3693 886726 24779,Porter Barr,1-424-487-5545,porterbarr@yopmail.com,Ap #787-865 Quisque Avenue,Pamplona,733218,Norte de Santander,Colombia
HU23812524120472612287120449,4.72E+12,Wynne Gilbert,1-181-160-7674,wynnegilbert@yopmail.com,"P.O. Box 807, 726 Praesent Street",Dnipro,43-24,Dnipropetrovsk oblast,Ukraine
EE731592032356454788,2.15E+14,Alan Winters,1-334-471-3589,alanwinters2013@yopmail.com,Ap #240-5804 Fermentum Street,Pocatello,50633,Idaho,United States
TR951944547769274546198874,3.06E+14,Zachery Wolf,1-313-647-3482,zacherywolf@yopmail.com,Ap #796-7812 Morbi Av.,Luhansk,35-55,Luhansk oblast,Ukraine
HR9176110784525534274,6.33E+18,Octavius Rogers,1-205-161-9464,octaviusrogers4547@yopmail.com,219-2169 Elementum Ave,Termeno sulla strada del vino/Tramin an der Weinstrasse,87557,Trentino-Alto Adige,Italy
DE71818275837236307412,4556 3246 6436 3886,Mari Roy,1-442-669-4673,mariroy@yopmail.com,"Ap #797-4171 Amet, St.",Heilongjiang,916272,Dōngběi,China
LT591014132335859791,448 57757 66152 350,Leslie Newman,1-704-637-1477,leslienewman526@yopmail.com,"P.O. Box 969, 2023 Nisi Av.",Swadlincote,FU8 8TU,Derbyshire,United Kingdom
FI0670235053838545,402665 253452 3855,Geraldine Paul,1-564-459-2347,geraldinepaul@yopmail.com,"Ap #304-9209 Ut, Street",Mosjøen,1123,Nordland,Norway
BA453599177941544924,3.78E+14,Kiara Robbins,1-896-875-1314,kiararobbins@yopmail.com,3035 Metus Rd.,Akhisar,7228,Manisa,Turkey
HU34197460503465856030565094,6011 8317 1548 7323,Autumn O'donnell,1-168-493-7436,autumnodonnell@yopmail.com,Ap #555-4597 Phasellus St.,Uruapan,11689-20171,Michoacán,Mexico
SK5161675017131273622453,2014 412668 38296,Chanda Blair,1-653-577-2328,chandablair@yopmail.com,"P.O. Box 303, 1613 Ut, Road",Canberra,4046,Australian Capital Territory,Australia
CY65205597564034428468455429,450826 4489766427,Kelsie Finch,1-101-440-6353,kelsiefinch7310@yopmail.com,"P.O. Box 234, 4748 Sed Street",Bến Tre,734908,Bến Tre,Vietnam
VG1830486492014978720461,2014 244876 17970,Clio Hammond,1-675-424-5941,cliohammond@yopmail.com,643-4118 Nunc Ave,Bousval,4788,Waals-Brabant,Belgium
DK7642658095973444,3428 665875 15424,Hall Kidd,1-464-209-3639,hallkidd@yopmail.com,"Ap #901-4808 Vulputate, Rd.",Haguenau,64829,Alsace,France
MD4297964851365228526723,490558 57 1852 9122 384,Pascale Smith,1-877-874-9442,pascalesmith@yopmail.com,Ap #181-3123 Aenean St.,Ipswich,7241,Queensland,Australia
SM0922778511567857439826070,633422 84 6584 2977 856,Carson Walker,1-354-473-2776,carsonwalker@yopmail.com,Ap #758-1297 Parturient Road,Magadan,685897,Magadan Oblast,Russian Federation
SA8816660585098652613843,6.77E+18,Clayton Ruiz,1-318-378-1265,claytonruiz@yopmail.com,Ap #800-8391 Laoreet Ave,Lebowakgomo,6958-4657,Limpopo,South Africa
RS35076354713429332414,3.63E+14,Barclay Armstrong,1-517-484-4252,barclayarmstrong@yopmail.com,Ap #979-5819 Mi. St.,Jeju,10085,Jeju,South Korea
CR0553235968126443687,5.02E+18,Alexis Robinson,1-685-707-3845,alexisrobinson@yopmail.com,"P.O. Box 923, 4032 Mauris. Road",Catbalogan,1465,Eastern Visayas,Philippines
CH2968187742811231300,6.46E+15,Jakeem Spence,1-483-245-6174,jakeemspence@yopmail.com,128-3316 Magna St.,Dublin,6332,Leinster,Ireland
TR585754433383328427924545,6.33E+15,Seth Reyes,1-879-346-3380,sethreyes6517@yopmail.com,Ap #366-4382 Vehicula Road,Toruń,95-246,Kujawsko-pomorskie,Poland
BE75696850973836,2149 728433 76660,Philip Oneal,1-776-246-1412,philiponeal9708@yopmail.com,"240-1152 Scelerisque, Road",Newtown,Y1C 7UV,Montgomeryshire,United Kingdom
IT914KDKPI93730105930306143,539383 778425 5960,Lee Blake,1-447-924-1859,leeblake5419@yopmail.com,"P.O. Box 548, 8952 Maecenas St.",Uyo,284111,Akwa Ibom,Nigeria
MD7996264501127467708026,514768 4884127767,Alvin Hill,1-725-510-8151,alvinhill6213@yopmail.com,"Ap #620-9686 Nec, Ave",Sens,16566,Bourgogne,France
EE215421637463874128,2.01E+14,Madaline Hubbard,1-474-158-5031,madalinehubbard@yopmail.com,Ap #117-9126 Molestie Ave,Neubrandenburg,46498,Mecklenburg-Vorpommern,Germany
GR3531267802358000866263356,633110 83 7649 8626 872,Paul Decker,1-434-883-7119,pauldecker3460@yopmail.com,382-2148 Gravida Av.,Hà Nội,638032,Hà Nội,Vietnam
BA331503275648564212,6304 6117 5787 8472,Quynn Mcguire,1-161-792-4308,quynnmcguire@yopmail.com,Ap #641-1332 Luctus Rd.,Tarnów,77-905,Małopolskie,Poland
PT86119455374732073877111,646777 5784251830,David Mcconnell,1-618-235-4671,davidmcconnell@yopmail.com,"268-4148 Pharetra, Avenue",Alajuela,21114,Alajuela,Costa Rica
LV93CMLI7745269221716,3622 766824 44725,Hoyt Boone,1-734-281-7524,hoytboone@yopmail.com,Ap #702-5346 Nisi Avenue,Maasin,8829,Eastern Visayas,Philippines
AZ81651415895844863650697647,6.71E+18,Len Cline,1-716-907-8078,lencline497@yopmail.com,"P.O. Box 625, 2679 Adipiscing St.",Berlin,11271,Berlin,Germany
SK9284471631185663374710,3.65E+14,Lucian Mason,1-726-925-5728,lucianmason@yopmail.com,242-4078 Ante. Street,Valleyview,T5N 2P5,Alberta,Canada
KZ567884153934515786,4.49E+15,Sharon Mays,1-717-811-8595,sharonmays1449@yopmail.com,881-7454 Mollis Av.,Dublin,6052,Leinster,Ireland
SA7118165747743091564036,6.30E+16,Lucas Murray,1-117-457-8184,lucasmurray2943@yopmail.com,129-8193 In Avenue,Ålesund,6629,Møre og Romsdal,Norway
LU317835502382244703,417500 4234778612,Carter Conner,1-236-162-0827,carterconner7091@yopmail.com,Ap #649-4653 Ultrices Rd.,Altach,4155,Vorarlberg,Austria
CH2228285637292380448,4.93E+15,Abel Sargent,1-535-524-6877,abelsargent9230@yopmail.com,"P.O. Box 710, 1081 Pellentesque St.",Ensenada,91502-87649,Baja California,Mexico
LU968582896684274455,5038 4369 8431 6879,Dante Rosario,1-459-374-4074,danterosario4681@yopmail.com,467-6378 Odio. Rd.,Nova Iguaçu,23465-555,Rio de Janeiro,Brazil
LB28526428375253225737022518,3.68E+14,Nathaniel Bryan,1-692-764-3710,nathanielbryan@yopmail.com,"152-6316 Sed, Rd.",Dorgali,55301,Sardegna,Italy
MT52FULV96460850721873059724275,3655 659956 53221,Cailin Huber,1-537-184-8123,cailinhuber@yopmail.com,Ap #832-8198 In St.,Dublin,6128,Leinster,Ireland
KW3696482821240314847956499663,5.02E+18,Savannah Stafford,1-449-668-9223,savannahstafford4299@yopmail.com,3231 Malesuada Av.,Chhindwara,646730,Madhya Pradesh,India
TN2193114457873852455814,3.75E+14,Georgia English,1-856-531-8584,georgiaenglish5854@yopmail.com,3432 Nibh. St.,Paraíso,30410,Cartago,Costa Rica
BH24454217424532193488,6.56E+15,Jamalia Mcknight,1-531-849-6758,jamaliamcknight672@yopmail.com,"P.O. Box 275, 5695 Lacinia Av.",Baguio,8295,Cordillera Administrative Region,Philippines
HR0301186071788429287,630455 218774 7442,Angelica Merritt,1-441-530-2954,angelicamerritt@yopmail.com,Ap #847-5038 Ipsum Road,Cisano Bergamasco,78413,Lombardia,Italy
TR112472662741778784725420,2.15E+14,Chester Knox,1-812-287-8105,chesterknox@yopmail.com,268-9165 Arcu. Rd.,Dublin,8004,Leinster,Ireland
SK5373376226655456410895,670636 5868858329,Amena Wilder,1-683-506-7308,amenawilder@yopmail.com,491-4377 Leo. St.,Kristiansund,1208,Møre og Romsdal,Norway
NL14TWJN9106535575,6.33E+18,Molly Moran,1-384-714-5131,mollymoran@yopmail.com,"P.O. Box 966, 9782 Vestibulum Av.",Maracanaú,62071-263,Ceará,Brazil
KW1311611882184451462222466277,4.18E+15,Jordan Webb,1-939-286-2501,jordanwebb@yopmail.com,"P.O. Box 847, 7852 Dolor Av.",Tomohon,28735,North Sulawesi,Indonesia
CH8624849770128592712,450873 274263 2552,Jarrod Noel,1-362-519-9676,jarrodnoel8014@yopmail.com,3432 Lorem Street,Indianapolis,27127,Indiana,United States
SE3278336349863766316282,491 75242 35291 813,Jeremy Pace,1-911-808-0784,jeremypace@yopmail.com,5504 Eros St.,Söke,7311,Aydın,Turkey
CR5370683846690731782,3687 533574 35984,Lenore Cote,1-298-713-5856,lenorecote6766@yopmail.com,9281 Penatibus Rd.,Tranås,2646,Jönköpings län,Sweden
NO3165188238285,601174 5493643685,Steven Vargas,1-394-512-2212,stevenvargas2026@yopmail.com,800-4374 Ut Avenue,Shandong,635574,Huádōng,China
MR8202628108337655427225203,6759 2723 4752 3753,Alyssa Woodard,1-881-331-8554,alyssawoodard@yopmail.com,Ap #539-2682 Maecenas St.,Kamianets-Podilskyi,82-38,Khmelnytskyi oblast,Ukraine
IL542494265775266175484,5.25E+15,Hayfa Tate,1-986-874-6241,hayfatate123@yopmail.com,Ap #198-322 Arcu. Avenue,Grimstad,6793,Agder,Norway
GB06KBCM91240223027673,402624 3783338359,Aphrodite Camacho,1-781-200-1322,aphroditecamacho3231@yopmail.com,4168 Lacinia Street,Hải Phòng,789785,Hải Phòng,Vietnam
LB16528411484141616818440233,553 56574 27219 234,Hilary Montoya,1-411-717-4103,hilarymontoya@yopmail.com,"P.O. Box 274, 7756 Eu Rd.",Naumburg,13256,Sachsen-Anhalt,Germany
DO62071604972874951223343306,3622 322354 51428,Raymond Malone,1-487-441-1873,raymondmalone4326@yopmail.com,900-3960 Erat Rd.,Hengelo,2462 XD,Overijssel,Netherlands
IT813CFYGI51377716631571969,3.65E+14,Charles Copeland,1-241-388-5146,charlescopeland@yopmail.com,"P.O. Box 957, 4775 Et, Avenue",North Jakarta,93603,Special Capital Region of Jakarta,Indonesia
TN5285118846639627577245,6.76E+13,Quamar Burch,1-264-834-1836,quamarburch8930@yopmail.com,8671 Magna. Ave,Sierra Gorda,496143,Antofagasta,Chile
IE24SCWQ56983582514848,3735 842277 17522,Joelle Scott,1-677-617-6517,joellescott3081@yopmail.com,567-7721 Orci Av.,Białystok,80-405,Podlaskie,Poland
SI52177712766955521,6331 1069 5567 7351,Leo Pate,1-688-441-7668,leopate1270@yopmail.com,Ap #881-7779 Molestie Road,Dublin,4334,Leinster,Ireland
SA0988141941660201476531,3.75E+14,Octavius Gould,1-774-373-9191,octaviusgould9256@yopmail.com,279-2653 Suscipit Rd.,Trollhättan,5720,Västra Götalands län,Sweden
SK7778575969180048595070,630429 286686 3695,Candace Irwin,1-101-185-4955,candaceirwin@yopmail.com,764-3700 Dictum Street,Vreren,1515 PJ,Limburg,Netherlands
GT26735190789120115444216304,6487 3229 3869 5590,Felicia Richards,1-367-463-5806,feliciarichards1749@yopmail.com,Ap #130-4894 Sem Road,Saalfelden am Steinernen Meer,8213,Salzburg,Austria
SM9436114082689336563356623,531694 818935 9275,Nathaniel Ferrell,1-321-568-2588,nathanielferrell@yopmail.com,"486-1398 Erat, Rd.",Motueka,2833,South Island,New Zealand
MR7985412822433311355850562,644 45876 83724 611,Kimberly Madden,1-938-823-4232,kimberlymadden@yopmail.com,"156-9261 Et, Rd.",Altmünster,3731,Upper Austria,Austria
PK7003076984465143117883,3.45E+14,Knox Clark,1-164-422-9958,knoxclark@yopmail.com,618-7998 Convallis Rd.,Dutse,481997,Jigawa,Nigeria
BE71576659287752,2.01E+14,Ivory Molina,1-241-859-6575,ivorymolina1442@yopmail.com,Ap #657-8993 Ligula. Ave,Sujawal,645744,Sindh,Pakistan
TN7032342808253325412958,3486 343637 97564,Kiona Graves,1-212-766-9416,kionagraves7913@yopmail.com,"P.O. Box 279, 4585 Consectetuer Rd.",Kiel,56326,Schleswig-Holstein,Germany
MT20OLEW29213394742323051571650,2.01E+14,Eric Mckay,1-420-477-2209,ericmckay@yopmail.com,2856 Augue Rd.,Long Xuyên,424595,An Giang,Vietnam
MR7754300255758572421716226,6.48E+15,Hope Mcintosh,1-741-280-7337,hopemcintosh4042@yopmail.com,850 Interdum St.,Tambov,393606,Tambov Oblast,Russian Federation
AZ39380243308779523279626872,6.33E+17,Henry Sanford,1-529-588-8841,henrysanford4263@yopmail.com,Ap #404-9085 Dignissim. Street,Galway,3624,Connacht,Ireland
MT12NARG81842644695510744889644,6495 6196 2275 3860,Daquan Shaw,1-742-531-6579,daquanshaw@yopmail.com,915-9467 Mauris Rd.,Palmerston North,5571,North Island,New Zealand
SM3318325957162174272455242,3009 443322 73266,Nadine Barnett,1-885-602-2268,nadinebarnett72@yopmail.com,937-8116 Congue Road,Neusiedl am See,2934,Burgenland,Austria
IS901051218480739028372105,4432 4737 2772 2115,Madeline Mooney,1-500-361-5722,madelinemooney4921@yopmail.com,Ap #349-983 Sapien Av.,Turriff,K81 5PM,Aberdeenshire,United Kingdom
MT74XRMT72134019564633020661468,2014 252336 75568,Rama Duran,1-748-495-5765,ramaduran@yopmail.com,615-1740 Aliquet. Street,Mthatha,6348-2423,Eastern Cape,South Africa
AT895583440298377021,4.94E+18,Daria Lopez,1-326-873-2200,darialopez1165@yopmail.com,"P.O. Box 754, 6502 Ante St.",Hạ Long,251718,Quảng Ninh,Vietnam
AL77108141885724236554359158,517 77745 39873 338,Mira Hamilton,1-685-963-5986,mirahamilton@yopmail.com,474-8808 Quis St.,Chile Chico,721274,Aisén,Chile
BA668935914103003617,4.91E+15,Medge Holloway,1-361-753-6505,medgeholloway@yopmail.com,Ap #788-7846 Urna St.,Armungia,53776,Sardegna,Italy
ME32153454618346528144,3028 822878 67377,Delilah Arnold,1-695-237-2885,delilaharnold6511@yopmail.com,442-4083 Etiam Av.,Balıkesir,21329,Balıkesir,Turkey
ES1008243203277918473848,3042 438712 14146,Audra Kramer,1-462-537-3769,audrakramer5163@yopmail.com,651-1313 Sagittis Avenue,Chihuahua,42789-83779,Chihuahua,Mexico
LB25995111783716835971996974,490394 7935988824,Damian Delgado,1-232-866-5604,damiandelgado@yopmail.com,"P.O. Box 726, 2530 Odio St.",Kemerovo,652473,Kemerovo Oblast,Russian Federation
AE513266542842242951686,3046 123678 73427,Ashely Soto,1-647-668-8815,ashelysoto7077@yopmail.com,Ap #144-3590 Nam Street,Pozo Almonte,365058,Tarapacá,Chile
HU05672314127662361603452331,2.15E+14,Scarlett Hess,1-343-326-9786,scarletthess@yopmail.com,"P.O. Box 597, 1105 Ligula. Rd.",Pacasmayo,38425,La Libertad,Peru
MC0411139564767454896784745,3.64E+14,Abraham Prince,1-821-498-6534,abrahamprince5414@yopmail.com,Ap #355-8820 Libero. Road,Greater Hobart,6440,Tasmania,Australia
IS464981791178638037925784,3.61E+14,Margaret Barnes,1-852-253-1865,margaretbarnes5481@yopmail.com,Ap #883-6631 Etiam Rd.,Central Water Catchment,856367,North Region,Singapore
KZ377276123354850813,2.15E+14,Amery Chase,1-644-295-2318,amerychase@yopmail.com,Ap #232-790 Arcu. Rd.,Kristiansund,9165,Møre og Romsdal,Norway
PS249871723057253869477725161,492947 3156312719,Connor Adams,1-357-328-5746,connoradams8701@yopmail.com,Ap #974-1537 Duis Street,Salzburg,3828,Salzburg,Austria
GE52666443182557745238,450 82189 74477 981,Hollee Webster,1-539-514-6241,holleewebster2143@yopmail.com,103-3912 Aliquet Avenue,Oaxaca,38152-78416,Oaxaca,Mexico
MK68218639162955377,538576 384656 5123,Steel York,1-220-245-0566,steelyork@yopmail.com,9032 Feugiat Avenue,North Waziristan,444816,FATA,Pakistan
DO37850225252004186885896027,3744 467521 28369,Kermit Heath,1-852-227-4641,kermitheath@yopmail.com,"4395 Aliquet, Ave",Guizhou,804282,Xīnán,China
LB80581650272245765271175689,450827 393842 3241,Rahim Rowland,1-715-987-9725,rahimrowland7993@yopmail.com,808-997 Urna Avenue,Ceuta,22272,Ceuta,Spain
DO48634024587363788584566543,514896 6496288932,Carter Everett,1-854-600-3858,cartereverett@yopmail.com,Ap #687-1843 Tellus. Av.,Breton,T2M 3J2,Alberta,Canada
LB59305282526816656157308815,2014 256558 95512,Eaton Miles,1-741-272-0662,eatonmiles1683@yopmail.com,Ap #184-8875 Adipiscing Ave,Colchane,584467,Tarapacá,Chile
IS105553776228741857385658,2.15E+14,Shafira Morrison,1-405-609-7290,shafiramorrison748@yopmail.com,"P.O. Box 379, 2231 Id, St.",Oamaru,6124,South Island,New Zealand
BE43043281512815,6761 854937 1948,Oleg Good,1-234-586-7551,oleggood786@yopmail.com,158-3051 Convallis St.,Coltauco,186397,O'Higgins,Chile
SE0358550620494335377884,3.66E+14,Rajah Ray,1-960-407-4629,rajahray@yopmail.com,"P.O. Box 555, 2232 Magna. Rd.",Termini Imerese,92714,Sicilia,Italy
FI5168657816361827,6.71E+18,Quemby Palmer,1-134-452-4753,quembypalmer6668@yopmail.com,"P.O. Box 949, 2219 Magna. Rd.",Blois,64624,Centre,France
SK4762184613366945504692,6446 3349 6824 8745,Joseph Barlow,1-272-774-7373,josephbarlow@yopmail.com,Ap #658-6195 Tellus. Avenue,Bovigny,4225,Luxemburg,Belgium
IS208310288257248416492312,676 78417 57586 466,Len Franklin,1-679-987-4815,lenfranklin@yopmail.com,758-8407 In Road,Berlin,76629,Berlin,Germany
CH4322458066318892377,3683 527855 48284,Susan Thomas,1-857-441-6358,susanthomas@yopmail.com,"P.O. Box 327, 2600 Lobortis St.",Prince George,U1J 8M5,British Columbia,Canada
RS78347886123318215216,525839 627436 2814,Samantha Luna,1-352-468-5728,samanthaluna@yopmail.com,Ap #353-2068 Est Rd.,Agartala,730287,Tripura,India
LI6268189668760420488,4844 3358 9762 4169,Karina Prince,1-713-965-7271,karinaprince1277@yopmail.com,617-1137 Venenatis St.,Ormoc,4218,Eastern Visayas,Philippines
LB42525928326600322507774467,3047 584193 22374,Garth Bartlett,1-739-838-6341,garthbartlett@yopmail.com,759-8533 In Av.,Devonport,5892,Tasmania,Australia
BH08922827257242462923,3.06E+14,Zane Hutchinson,1-462-734-4421,zanehutchinson5063@yopmail.com,"923-1747 Purus, Ave",Sokoto,414712,Sokoto,Nigeria
MC5126517275468163773803563,5.89E+11,Jarrod Hyde,1-388-974-2625,jarrodhyde@yopmail.com,"P.O. Box 236, 4141 Orci Av.",Barcelona,63158,Catalunya,Spain
PT94293962181606828375733,3.76E+14,Craig Blake,1-731-859-5858,craigblake@yopmail.com,657-8365 Vitae St.,Vinnytsia,87-28,Vinnytsia oblast,Ukraine
SE7521385465556807733284,3671 667825 74841,Evan Maynard,1-908-828-6460,evanmaynard5516@yopmail.com,5258 Vitae Ave,Santa Rosa,7426,Calabarzon,Philippines
TN1744082691471093580760,675949 665984 3125,Ezekiel Dixon,1-672-364-8410,ezekieldixon@yopmail.com,202-3140 Ipsum Street,Carnoustie,U3 9UG,Angus,United Kingdom
BG13YNQG56248250173830,491 18895 98928 699,Allegra Harper,1-564-215-7017,allegraharper4008@yopmail.com,Ap #319-4328 Felis Street,Istanbul,34927,Istanbul,Turkey
MD3943696764231398073241,3.65E+14,Aladdin Wheeler,1-933-642-4561,aladdinwheeler591@yopmail.com,306-7086 At Avenue,Weiz,5808,Styria,Austria
AT074906672173860727,3.05E+14,Maia Keith,1-813-485-3701,maiakeith7263@yopmail.com,821-6621 Sed Road,Des Moines,78361,Iowa,United States
PT74660342708875430072555,4.53E+15,May Walters,1-249-413-1501,maywalters7654@yopmail.com,Ap #850-2214 Habitant Road,Armadale,7851,Western Australia,Australia
AT816472202812720458,6.76E+13,Dustin Dotson,1-913-733-3814,dustindotson946@yopmail.com,4199 Nulla Av.,Avesta,94848,Dalarnas län,Sweden
PL55384572425574771280881884,5.04E+11,Jacqueline Barron,1-295-713-4533,jacquelinebarron7783@yopmail.com,Ap #583-6851 Rhoncus. Rd.,Oamaru,2039,South Island,New Zealand
IL937239836688177885564,675959 37 3228 3328 898,Willow Owens,1-204-413-0526,willowowens@yopmail.com,Ap #602-4090 Tristique Road,Kostroma,157060,Kostroma Oblast,Russian Federation
LV10IARJ0518466261045,670987 248296 2715,Gemma Stark,1-649-741-6925,gemmastark@yopmail.com,"590-4798 Et, Rd.",Grimstad,7214,Agder,Norway
BA852647751241174088,6.77E+15,Leonard Mccall,1-737-506-7311,leonardmccall@yopmail.com,"P.O. Box 680, 2081 Arcu. Rd.",Largs,DJ9 9NX,Ayrshire,United Kingdom
CZ5654513784342813284737,3044 274544 95368,Orlando Blackwell,1-437-571-1867,orlandoblackwell@yopmail.com,379-4218 Diam Ave,Port Pirie,8853,South Australia,Australia
DE69875610413018452480,3738 778747 48638,Demetrius Paul,1-718-764-8641,demetriuspaul@yopmail.com,503-1514 Neque St.,Berdiansk,52-74,Zaporizhzhia oblast,Ukraine
GT32247393871695730088462907,2.01E+14,Linus Castro,1-213-699-4298,linuscastro@yopmail.com,"P.O. Box 750, 4249 Neque Street",Dublin,6012,Leinster,Ireland
GR5644537648845416535451853,5641 8224 8749 9784,Mona Petersen,1-902-985-3088,monapetersen@yopmail.com,Ap #509-5276 Magnis St.,Queilén,246870,Los Lagos,Chile
GT71343792882532733472505798,4.84E+15,Brady Justice,1-396-644-7316,bradyjustice@yopmail.com,Ap #426-2544 Tincidunt Street,Dublin,7130,Leinster,Ireland
DK9385553160383528,676756 73 3825 3736 774,Ruth Carter,1-184-878-2444,ruthcarter@yopmail.com,Ap #319-9460 Auctor. Road,Semarang,72045,Central Java,Indonesia
AE775401556258073168046,6.71E+18,Elijah Merritt,1-637-846-3372,elijahmerritt4748@yopmail.com,"P.O. Box 254, 2945 Id, Rd.",Pulle,7449,Antwerpen,Belgium
GL0788938584592842,6.30E+15,Aileen Welch,1-487-617-6341,aileenwelch@yopmail.com,"Ap #263-8741 Id, Avenue",Farsund,7393,Agder,Norway
LB23331125276289752154566047,3.02E+14,Shad Bridges,1-538-432-6170,shadbridges@yopmail.com,137-8931 Tortor St.,Castres,75014,Midi-Pyrénées,France
MK81755037911667608,484 48177 94738 648,Blaze Christensen,1-410-388-9766,blazechristensen7348@yopmail.com,914-9480 Quisque Street,Täby,8283,Stockholms län,Sweden
HR1515714695333046820,5782 444541 25510,Lillian Mccullough,1-462-552-8493,lillianmccullough@yopmail.com,Ap #120-3203 Risus. St.,Zaragoza,64870,Aragón,Spain
BA227676165036732700,450 88767 46644 996,Denton Mccall,1-473-982-7899,dentonmccall@yopmail.com,"P.O. Box 637, 4752 Pede, Avenue",Vieuxville,8513,Luik,Belgium
SE8650371158647557154658,630453 473246 5811,Adena Simmons,1-632-616-6602,adenasimmons6968@yopmail.com,9328 Adipiscing Rd.,Imphal,456832,Manipur,India
PL41457852336205163865187081,491 79456 44643 551,Alfonso Harrison,1-451-335-2602,alfonsoharrison6398@yopmail.com,583-4399 Nascetur St.,Bukit Panjang,795729,West Region,Singapore
FO3272135823974105,3015 664487 64372,Octavia Allen,1-488-132-6149,octaviaallen8162@yopmail.com,Ap #546-6964 Nulla. Ave,Runcorn,D5F 2RH,Cheshire,United Kingdom
DK2420285638676196,3.79E+14,Paloma Foley,1-260-430-2288,palomafoley@yopmail.com,483 Venenatis Av.,Palu,68062,Central Sulawesi,Indonesia
MC5332319885608332503376463,3632 283747 34375,Jackson Glenn,1-861-694-8992,jacksonglenn6629@yopmail.com,731-2567 Cursus. Street,Pioneer,833661,West Region,Singapore
AT768142316264020281,3.50E+14,Rhoda Daniel,1-741-718-7163,rhodadaniel634@yopmail.com,Ap #640-2952 Cubilia Ave,Toledo,86337,Castilla - La Mancha,Spain
BE14377241653217,649654 296842 3253,Elvis Graves,1-650-623-4837,elvisgraves@yopmail.com,554-3358 Bibendum Av.,Ciudad Real,71803,Castilla - La Mancha,Spain
SA2439651830557213392486,4485 7243 8395 4327,Deirdre Ryan,1-220-554-8432,deirdreryan2363@yopmail.com,728-2124 Lobortis Avenue,Kostroma,157273,Kostroma Oblast,Russian Federation
IL817222951156045432288,2149 524542 85327,Tallulah Santos,1-415-636-9313,tallulahsantos@yopmail.com,121-7280 Ipsum. Road,Lai Châu,771962,Lai Châu,Vietnam
VG6932713659062244181024,675988 184747 5684,Paki Lindsey,1-344-838-4198,pakilindsey6286@yopmail.com,Ap #917-7706 Sit St.,Fort Simpson,69V 4H8,Northwest Territories,Canada
DK7872494718241408,4.18E+15,Anika Wilkerson,1-729-912-2481,anikawilkerson8361@yopmail.com,931-6051 Molestie Rd.,Changi Bay,439832,East Region,Singapore
SA4274321327374077098665,6761 835 44 5633,Yetta Schwartz,1-799-554-7911,yettaschwartz1684@yopmail.com,452-3742 Dictum St.,Burhaniye,57045,Balıkesir,Turkey
NO7324631856783,402646 265176 1258,Francis Daniel,1-754-167-4874,francisdaniel4437@yopmail.com,Ap #478-1165 Dolor Street,Sellia Marina,32431,Calabria,Italy
LV72KDXQ2871112253952,3724 258889 57224,Lars Duran,1-285-772-2909,larsduran1531@yopmail.com,"P.O. Box 519, 6676 A, St.",Ravensburg,66860,Baden Württemberg,Germany
AZ07963985229313454256945328,471623 4383856770,Inga Whitaker,1-263-626-2358,ingawhitaker@yopmail.com,Ap #179-5410 Nunc Road,Jaén,40729,Cajamarca,Peru
IE27RBDR28286451386412,6709 1239 3186 4551,Kellie Wilkinson,1-652-736-8451,kelliewilkinson8246@yopmail.com,Ap #915-2194 Nullam St.,Dunedin,7256,South Island,New Zealand
KW2584539185961823713383273702,3.02E+14,Portia Berger,1-786-168-5432,portiaberger@yopmail.com,Ap #235-2867 Mauris Av.,Huancayo,46575,Junín,Peru
ES4715116600858526384167,6497 5273 2845 8890,Sonia Marks,1-126-670-9073,soniamarks@yopmail.com,994-2109 Congue. St.,Assen,4143 WO,Drenthe,Netherlands
SA7872574709871197276783,417500 5199862184,Isaac Case,1-233-240-8422,isaaccase219@yopmail.com,"Ap #105-2329 Consequat, Street",Buôn Ma Thuột,161624,Đắk Lắk,Vietnam
SI23524195239533515,630463 537626 3410,Finn Rios,1-281-293-1977,finnrios@yopmail.com,"3680 Vestibulum, Road",Kisi,802358,Oyo,Nigeria
FI8871143067607842,676 78911 99947 263,Juliet Brady,1-876-736-3038,julietbrady@yopmail.com,524-4784 Eros Street,Graaff-Reinet,6687-4843,Eastern Cape,South Africa
RO82TZDH7657758862172114,5.29E+15,Xena Farrell,1-806-751-1157,xenafarrell606@yopmail.com,"P.O. Box 820, 6208 Proin Ave",Modakeke,546796,Osun,Nigeria
RO10OKVJ8235920051931737,6.30E+11,Jonas Miller,1-713-813-4165,jonasmiller1926@yopmail.com,Ap #469-7637 Id Avenue,Pike Creek,75546,Delaware,United States
MT80PBFX26723851814188253666665,490568 74 4652 5527 334,James Stark,1-572-414-2737,jamesstark7397@yopmail.com,Ap #510-5422 Eget Av.,Muzzafarabad,377615,Azad Kashmir,Pakistan
VG3853461229137563246398,491143 2966895735,Quinn Daniel,1-591-222-5543,quinndaniel433@yopmail.com,286-7924 Luctus Avenue,Tampines,532587,East Region,Singapore
CY16362639174739321753351223,633353 7833774820,Anika Key,1-352-433-3875,anikakey3564@yopmail.com,7471 Varius. Ave,Santa Cruz de Lorica,277866,Córdoba,Colombia
PK4811479791263539093327,5.27E+15,Grant Williams,1-912-871-6211,grantwilliams5637@yopmail.com,Ap #628-3439 At Av.,Shimla,848871,Himachal Pradesh,India
IL718357112351577673852,4.94E+18,Emerson Alvarado,1-618-366-1082,emersonalvarado3572@yopmail.com,Ap #766-6417 Lorem St.,Tromsø,1181,Troms og Finnmark,Norway
KZ040621161905475214,630433 7572831351,Harrison Waller,1-615-150-2539,harrisonwaller@yopmail.com,531-1638 Imperdiet Street,Barranca,41103,Puntarenas,Costa Rica
FR6214262511452791141877587,6.71E+17,Kirestin Wright,1-628-525-7490,kirestinwright5438@yopmail.com,Ap #156-594 Imperdiet St.,Sandnes,8682,Rogaland,Norway
NL71ZEYC4018410202,536 33428 85725 710,Erich Emerson,1-623-367-5713,erichemerson@yopmail.com,1117 Aenean Rd.,Avesta,69565,Dalarnas län,Sweden
ES0826383552609757196472,2.01E+14,Hope Cantrell,1-754-465-3452,hopecantrell7314@yopmail.com,Ap #677-4168 Nibh. St.,Sóc Trăng,868627,Sóc Trăng,Vietnam
BE72542981684492,6.77E+18,Jenna Sears,1-433-283-6062,jennasears@yopmail.com,821-3269 Fringilla Rd.,Dublin,6356,Leinster,Ireland
ES6299578622452357262900,6.71E+17,Geoffrey Chase,1-766-177-5289,geoffreychase7154@yopmail.com,700-5964 Turpis. St.,Casole d'Elsa,76486,Toscana,Italy
AZ35216850156259806535842904,4844 9238 3462 6585,Piper Cervantes,1-640-851-5483,pipercervantes@yopmail.com,281-8200 A Av.,Iqaluit,86L 1W1,Nunavut,Canada
BE98133144618291,484481 676229 6464,Elton Holman,1-428-678-2354,eltonholman@yopmail.com,226-856 Molestie. St.,Darıca,27138,Kocaeli,Turkey
IT509ZUYPI08235161772666344,3785 588345 83233,Neil Mcclain,1-505-461-0698,neilmcclain6127@yopmail.com,"Ap #797-5512 A, Avenue",Shimla,583287,Himachal Pradesh,India
CY33641351463262813199851351,5412 9225 8222 7382,Linda Dawson,1-611-248-5037,lindadawson9812@yopmail.com,602 Mauris Av.,Liberia,50617,Guanacaste,Costa Rica
SI63685691366412108,5143 8738 3934 4627,Ishmael Briggs,1-847-582-3831,ishmaelbriggs@yopmail.com,252-6023 Urna. St.,Bilbo,61728,Euskadi,Spain
GT56343266829156162745245058,6.71E+15,Heidi Wallace,1-749-832-0145,heidiwallace@yopmail.com,3673 Placerat Avenue,Ulyanovsk,432972,Ulyanovsk Oblast,Russian Federation
CH3725751898773531674,6.44E+15,Garth Frost,1-498-842-1899,garthfrost@yopmail.com,Ap #183-3662 Neque Street,Toruń,47-086,Kujawsko-pomorskie,Poland
FO3242136121778312,2.15E+14,Mechelle Tillman,1-971-996-7541,mechelletillman8772@yopmail.com,901 Tellus Street,Pietrasanta,68562,Toscana,Italy
HR5136940391618487521,3.01E+14,Randall Prince,1-404-613-7522,randallprince@yopmail.com,Ap #749-4846 Facilisi. Av.,Fujian,487354,Huádōng,China
SI12523452293972871,484 46595 93638 631,Tatiana Munoz,1-437-845-2148,tatianamunoz993@yopmail.com,"P.O. Box 535, 1572 Proin St.",Lourdes,R1M 6E2,Manitoba,Canada
TN7831875836763249760327,484455 158121 5151,Reuben Goodman,1-871-274-7156,reubengoodman717@yopmail.com,Ap #855-5992 Lorem Rd.,Puntarenas,61307,Puntarenas,Costa Rica
LB76231424138924525318366714,3.03E+14,Jaden Mccarthy,1-731-228-4654,jadenmccarthy@yopmail.com,"912-280 Pharetra, Road",Leighton Buzzard,C3L 8AT,Bedfordshire,United Kingdom
LV78LBTX4668604717267,5.58E+15,Adara O'brien,1-328-884-9020,adaraobrien@yopmail.com,5433 Velit. Rd.,Urdaneta,7373,Ilocos Region,Philippines
GE87909562161937688495,478592 6468146516,Emma Bender,1-885-728-7575,emmabender8259@yopmail.com,"P.O. Box 612, 3434 Quisque Av.",Mérida,88849-55665,Yucatán,Mexico
BH86751557181649879284,542226 961433 8474,Flynn Delacruz,1-239-935-7282,flynndelacruz@yopmail.com,"P.O. Box 276, 2089 Diam. St.",Okene,420591,Kogi,Nigeria
GB11DKJC53804633875632,538717 592645 9465,Halee Eaton,1-352-775-7552,haleeeaton@yopmail.com,"P.O. Box 268, 8173 Magna. St.",Palmerston,8775,Northern Territory,Australia
PL23243333236954719442372081,455664 625528 2392,Phoebe Ross,1-246-218-1205,phoebeross4339@yopmail.com,Ap #842-9245 Ut Avenue,Barranca,30208,Puntarenas,Costa Rica
FR9166324495161011947421286,6763 365177 43453,Aline Bond,1-776-659-8647,alinebond1447@yopmail.com,"3103 Elit, St.",Pelluhue,664616,Maule,Chile
HU52221143831939536368311971,2.15E+14,Derek Orr,1-773-955-8415,derekorr@yopmail.com,"Ap #936-2939 Cursus, Av.",Gunsan,25684,North Jeolla,South Korea
AL59797828256417183357305052,3471 662492 45683,Amos Atkins,1-249-816-8317,amosatkins@yopmail.com,305-553 Magna. Ave,Murree,272419,Punjab,Pakistan
CY21357032853590373884333836,490535 546746 2424,Kenyon Harris,1-937-684-7417,kenyonharris@yopmail.com,Ap #855-9677 Ligula. Street,Orizaba,08872-58402,Veracruz,Mexico
MT05MITZ91354369658450283104563,490 54724 72746 392,Nasim Velazquez,1-904-379-6507,nasimvelazquez1382@yopmail.com,842-6757 Neque. St.,Daejeon,12715,South Chungcheong,South Korea
IL916110798760783208873,3614 681432 42167,Colby Hooper,1-533-352-1674,colbyhooper@yopmail.com,Ap #395-9349 A St.,Okpoko,644343,Anambra,Nigeria
DK8888646264472655,6.30E+18,Fitzgerald Frye,1-332-846-7276,fitzgeraldfrye287@yopmail.com,486-5990 Aenean Rd.,Talara,29639,Piura,Peru
AZ40565352535714969742380834,658836 2317265829,Shafira Owen,1-264-374-1688,shafiraowen6182@yopmail.com,Ap #177-2167 Donec St.,Jiangsu,167693,Huádōng,China
DE69545575173666357312,544293 878792 2266,Deborah Adams,1-217-454-5336,deborahadams106@yopmail.com,946-5145 Vitae Avenue,Brest,47516,Bretagne,France
CZ8339156354332576632821,3.68E+14,Tanisha English,1-267-756-2671,tanishaenglish@yopmail.com,297-1036 Non Road,Lübeck,88861,Schleswig-Holstein,Germany
EE598845214328827359,6.71E+15,Clementine Sosa,1-554-431-3315,clementinesosa6744@yopmail.com,Ap #494-8120 Mauris St.,Lustenau,6474,Vorarlberg,Austria
SI47393180623270494,6.77E+15,Felicia Jacobson,1-844-368-9412,feliciajacobson5466@yopmail.com,Ap #339-2559 Mattis. Av.,Calbayog,397,Eastern Visayas,Philippines
KW2938277878205616125314828975,6.33E+17,Ivy Hoover,1-660-103-8225,ivyhoover@yopmail.com,Ap #614-6763 Sed Street,Vilna,T1K 1X4,Alberta,Canada
RO46YXZQ9199666866650251,3.69E+14,Alfonso Jones,1-103-766-4292,alfonsojones@yopmail.com,"443-3469 Lobortis, Avenue",Emarèse,61214,Valle d'Aosta,Italy
BG94DMOH28731388827527,484 47557 77346 486,Peter Salazar,1-756-775-3381,petersalazar@yopmail.com,Ap #878-9693 Eget St.,Huelva,41505,Andalucía,Spain
EE426552343592626027,3.74E+14,Hammett Hays,1-643-727-7214,hammetthays@yopmail.com,"P.O. Box 165, 201 Arcu St.",La Dorada,944533,Caldas,Colombia
PT36310010735746771606112,4024 007 19 5662,Erich Gates,1-552-534-0260,erichgates2611@yopmail.com,374-4886 Magna St.,Belfast,5233,Ulster,Ireland
RO42JRKF6969488654623848,5.04E+11,Levi Mayo,1-611-332-1688,levimayo@yopmail.com,"P.O. Box 121, 586 Velit. Av.",Quảng Ngãi,164082,Bà Rịa–Vũng Tàu,Vietnam
DE88749250890058535237,647684 213773 6245,Gloria Hebert,1-292-478-5075,gloriahebert7076@yopmail.com,Ap #764-7125 Nascetur Ave,Tabuk,1595,Cordillera Administrative Region,Philippines
AZ18132241830050686687720480,670 66955 81475 864,Blossom Mcintosh,1-631-211-3245,blossommcintosh1775@yopmail.com,2968 Ac St.,Birecik,71039,Şanlıurfa,Turkey
FO1648236805226812,6.71E+17,Brynn Frank,1-226-368-4069,brynnfrank496@yopmail.com,Ap #790-1160 Fermentum Road,Veraval,721319,Gujarat,India
IS431534863431541382056511,676 36345 29742 838,Kenyon Mcgee,1-115-484-7367,kenyonmcgee@yopmail.com,148-4941 Quisque St.,Great Falls,88285,Montana,United States
AD9085869849323446437511,3.05E+14,Arden Vincent,1-466-286-2649,ardenvincent1233@yopmail.com,Ap #677-8499 Velit. Av.,Pasir Ris,732125,East Region,Singapore
SK6373848592337324472269,4.91E+15,Wynter Morris,1-421-521-8517,wyntermorris9437@yopmail.com,673-2762 A St.,Trujillo,22805,La Libertad,Peru
KW7763778011760635397266741636,3656 867353 13445,Bert Rose,1-291-482-8513,bertrose1151@yopmail.com,Ap #460-7840 Nam St.,Pekanbaru,21238,Riau,Indonesia
CY73942224571875326434035780,3624 272681 78431,Ava Clark,1-226-354-0612,avaclark@yopmail.com,"P.O. Box 442, 6322 Luctus Av.",Delitzsch,47782,Sachsen,Germany
MT32JYWR64636539639194843669809,6462 8596 3872 1449,Kylynn Landry,1-600-688-4637,kylynnlandry7937@yopmail.com,"P.O. Box 507, 4192 Vulputate Rd.",Makurdi,827790,Benue,Nigeria
BA512156485644668736,5.02E+13,Charlotte Mercer,1-941-426-6981,charlottemercer9749@yopmail.com,Ap #953-6466 Felis St.,Talisay,2428,Western Visayas,Philippines
NO0632971159837,2.01E+14,Rhiannon Ferguson,1-548-716-5715,rhiannonferguson@yopmail.com,139 Magna. Av.,Henis,6681 PR,Limburg,Netherlands
BE27978618388115,5.13E+15,Sheila Morse,1-786-808-3454,sheilamorse9477@yopmail.com,"409-2667 Amet, Avenue",Opole,34-135,Opolskie,Poland
RO57XFDY4669017317613215,2.15E+14,Calista Swanson,1-557-387-3002,calistaswanson@yopmail.com,666-3335 Odio Rd.,Lelystad,6818 UV,Flevoland,Netherlands
GT93413533541408352038216371,656 24451 93527 865,Cadman Randolph,1-378-529-3945,cadmanrandolph5874@yopmail.com,"361-1778 Lorem, St.",Sint-Denijs-Westrem,3859,Oost-Vlaanderen,Belgium
AZ06721818592949676411316618,3666 855528 58325,Hyatt Horton,1-856-645-7527,hyatthorton5413@yopmail.com,679-3950 Donec Street,Cartagena del Chairá,587687,Caquetá,Colombia
TR153638758623455477658721,645333 3824446790,Amity Bradford,1-275-537-8187,amitybradford@yopmail.com,3945 Et St.,Punitaqui,859139,Coquimbo,Chile
PT12486586200763352274876,4485 622 26 5547,Kuame Boyle,1-589-373-1554,kuameboyle7790@yopmail.com,"P.O. Box 418, 8265 Dui St.",Belfast,6296,Ulster,Ireland
DK6581598340246795,6.71E+15,Ima Beck,1-727-172-1124,imabeck@yopmail.com,738-2242 Consequat Road,Nizip,31569,Gaziantep,Turkey
MU7034334325685762163708781227,633 45253 53533 592,Garth Morrison,1-678-341-2346,garthmorrison@yopmail.com,"P.O. Box 769, 7789 Mus. Ave",Hall in Tirol,2177,Tyrol,Austria
LU743181251483585741,6.77E+15,Price Stephenson,1-821-512-1741,pricestephenson@yopmail.com,"449-1797 Ornare, St.",Mala,33816,Lima,Peru
IL051373241184433344767,676776 2282132263,Tarik Bradley,1-423-448-8752,tarikbradley@yopmail.com,Ap #558-7638 Arcu. Rd.,Okpoko,457214,Anambra,Nigeria
BG67XHVC84646351412564,6.71E+18,Jerry Foley,1-459-276-4350,jerryfoley@yopmail.com,Ap #253-6237 Accumsan St.,Campos dos Goytacazes,20832-968,Rio de Janeiro,Brazil
LU526620657566914667,6.45E+15,Eagan Greer,1-723-913-3106,eagangreer@yopmail.com,"P.O. Box 953, 1088 Gravida Street",Berlin,68462,Berlin,Germany
SM4386586511828053136646409,3.06E+14,Hadassah Trujillo,1-590-768-5152,hadassahtrujillo6296@yopmail.com,7973 Duis Street,Tengah,458574,West Region,Singapore
KW1475666356603822498558146591,648275 363875 6966,Aileen Norman,1-717-703-4935,aileennorman@yopmail.com,Ap #727-5851 Orci Street,Central Water Catchment,463158,North Region,Singapore
LU352048642184252782,2.01E+14,Dane Sears,1-381-609-7851,danesears8495@yopmail.com,Ap #561-9709 Eu Rd.,Narbonne,88604,Languedoc-Roussillon,France
TR247256407430533857495463,4.92E+15,Graham Tran,1-483-367-2268,grahamtran6225@yopmail.com,Ap #900-6433 Enim. Av.,Banjarmasin,86043,South Kalimantan,Indonesia
PS183749825756234289425471952,676732 666175 2958,Benedict Christensen,1-593-744-8407,benedictchristensen5864@yopmail.com,Ap #582-5226 Imperdiet Rd.,Queenstown,3858-5272,Eastern Cape,South Africa
AT856669290880439928,3637 816865 34289,Hope Huff,1-294-536-3885,hopehuff@yopmail.com,"P.O. Box 402, 1581 Mauris Avenue",Den Helder,0689 OV,Noord Holland,Netherlands
SM2520262354535335676327185,3.68E+14,Rogan Berger,1-557-652-5365,roganberger@yopmail.com,412-1385 Sagittis St.,Erpe,2735,Namen,Belgium
IT202QJGUI23484052960727748,549562 476798 5624,Nero Hart,1-795-322-7233,nerohart@yopmail.com,Ap #244-4904 Dictum. Road,Quy Nhơn,855213,Bình Định,Vietnam
MD5866427454572044486555,3014 823822 35843,Ignacia Gill,1-566-451-2843,ignaciagill@yopmail.com,"493-8210 Ac, Street",Recco,21434,Liguria,Italy
KW4567331921328364148495718216,455638 553238 6557,Ayanna Bush,1-841-641-0557,ayannabush2728@yopmail.com,919-5057 Suspendisse Av.,Sichuan,424516,Xīnán,China
GR1075674243324923427888676,633 34481 41593 730,Jerome Henderson,1-965-238-6644,jeromehenderson@yopmail.com,"P.O. Box 140, 3234 Hendrerit Avenue",Gunsan,22356,North Jeolla,South Korea
TR059096222571716868228443,531 46615 46321 423,Kato Church,1-850-581-5972,katochurch1140@yopmail.com,Ap #409-8970 In Av.,South Burlington,36642,Vermont,United States
PL59960310851880534225935023,417 50026 12444 195,Clare Cash,1-367-803-9655,clarecash2258@yopmail.com,"Ap #585-2347 Auctor, Road",Welkom,5886-5381,Free State,South Africa
BG26JFJQ97248852594861,3047 727987 32830,Hayden Marsh,1-797-767-2513,haydenmarsh@yopmail.com,"Ap #503-9453 Eget, Ave",Olsztyn,60-242,Warmińsko-mazurskie,Poland
LI5439578955655164025,6.71E+18,Jack Moses,1-497-306-1256,jackmoses2498@yopmail.com,"P.O. Box 143, 9342 Velit Ave",Morwell,3768,Victoria,Australia
ES8876356804532352751470,6.77E+18,Aiko Rose,1-225-644-6055,aikorose2422@yopmail.com,1209 Mauris Avenue,Mödling,9962,Lower Austria,Austria
SE5810340348114165301834,2014 244212 76776,Rebekah Fields,1-227-744-4243,rebekahfields9757@yopmail.com,426-6279 Eget Avenue,Marchienne-au-Pont,9867,Henegouwen,Belgium
GI11YBCM882485660510738,491 68578 27333 135,Amethyst Dale,1-202-536-4392,amethystdale@yopmail.com,Ap #500-4925 Feugiat St.,Koszalin,72-811,Zachodniopomorskie,Poland
DK8767948806035601,2.15E+14,Ashton Watts,1-346-686-7070,ashtonwatts@yopmail.com,Ap #394-601 Luctus Avenue,Värnamo,88895,Jönköpings län,Sweden
SK2526025084383261555810,676262 828335 3775,Erica Beck,1-576-684-0868,ericabeck@yopmail.com,Ap #798-7548 At St.,Devonport,6775,Tasmania,Australia
AZ11101127348965671648168576,4485 327 23 9359,Olympia Todd,1-923-302-2828,olympiatodd@yopmail.com,876-2689 Eros Rd.,Hamburg,92926,Hamburg,Germany
FO2586678834685985,5231 8717 8496 2461,Summer Wilcox,1-487-868-6564,summerwilcox3095@yopmail.com,8517 Sem Road,Greymouth,3374,South Island,New Zealand
MC3870664687231874120156280,4643 364 34 6558,Raymond Mooney,1-546-731-6988,raymondmooney@yopmail.com,2037 Eu Street,Ancarano,83262,Abruzzo,Italy
AL88413706131259712137662856,6334 2762 6741 4574,Tiger O'Neill,1-255-282-5373,tigeroneill8111@yopmail.com,7067 Purus. St.,St. Pölten,4263,Lower Austria,Austria
AT325547514483381357,492947 2785752360,Yvonne Holder,1-216-935-5487,yvonneholder1051@yopmail.com,723-2545 Lectus Rd.,San Pedro Garza García,22831-10528,Nuevo León,Mexico
BA230518904768364752,3.04E+14,Flynn Mcgee,1-887-124-5735,flynnmcgee@yopmail.com,830-2627 Mauris Rd.,Glossop,R7 0NU,Derbyshire,United Kingdom
MR4916811123633444562458362,6.33E+15,Dexter Quinn,1-784-533-6666,dexterquinn@yopmail.com,"Ap #868-858 Eu, Ave",Jayapura,32801,Papua,Indonesia
NO2599502435175,6495 5378 6727 5268,Nina Doyle,1-545-780-7561,ninadoyle@yopmail.com,"P.O. Box 788, 377 Cubilia Ave",Tiel,4651 TR,Gelderland,Netherlands
BA973458340594671265,651758 4354146481,Phelan Christian,1-586-776-3432,phelanchristian3508@yopmail.com,4473 Velit Rd.,Horten,4400,Vestfold og Telemark,Norway
KZ767330512824362685,448 54656 37748 574,Patricia Mcclure,1-663-722-9275,patriciamcclure8648@yopmail.com,235-1148 Ut Rd.,Motala,62254,Östergötlands län,Sweden
AL19532206725217003178714478,402400 7194432131,Brandon Mcclain,1-123-502-2637,brandonmcclain5685@yopmail.com,Ap #107-6170 Ligula St.,Boryspil,63-62,Kyiv oblast,Ukraine
DO37557341470757867805911344,4903 7887 2252 3469,Tatyana Glover,1-487-850-1565,tatyanaglover4858@yopmail.com,1551 Vulputate Avenue,Mandai,282289,North Region,Singapore
IL363547060837197546216,6491 3433 8579 4342,Adria Decker,1-946-258-3486,adriadecker5928@yopmail.com,"811-6022 A, Road",Georgia,74262,Georgia,United States
NL87ENUX8815360222,467557 826573 6859,Danielle Butler,1-924-654-3547,daniellebutler@yopmail.com,530-601 Fermentum St.,Karapınar,25322,Konya,Turkey
EE096614641887873241,648812 7421568165,Chadwick Melton,1-608-787-3444,chadwickmelton9910@yopmail.com,Ap #178-4272 Quis Rd.,Lübeck,8100,Schleswig-Holstein,Germany
IE55HFUO12031162446698,5.89E+18,Daria Peck,1-764-334-1684,dariapeck8750@yopmail.com,"P.O. Box 478, 3871 Auctor, Avenue",Itajaí,88855-926,Santa Catarina,Brazil
AT418533163373421884,670654 7874325928,Lillith Macias,1-539-874-3532,lillithmacias8396@yopmail.com,192-3365 Placerat Avenue,Cañas,51104,Guanacaste,Costa Rica
DO47354953943961172897459398,5.64E+18,Hayes Whitehead,1-141-485-8375,hayeswhitehead@yopmail.com,7799 Ipsum. St.,Port Harcourt,214222,Rivers,Nigeria
PT39295148567111574518637,676799 6828552747,Macon Weber,1-929-293-1748,maconweber1610@yopmail.com,3732 Vulputate Rd.,Badajoz,65361,Extremadura,Spain
DO73247847116861110704363014,676744 76 5746 3773 525,Garth Graves,1-881-163-6223,garthgraves4323@yopmail.com,547-6499 Ultrices Ave,Warri,783365,Delta,Nigeria
ME46361158463036624863,501875 289825 5571,Felix Walter,1-234-637-8515,felixwalter@yopmail.com,Ap #391-4871 Sit St.,Tunja,483658,Boyacá,Colombia
AL83578599535840743352386574,3627 433527 89531,Sebastian Mueller,1-221-290-5237,sebastianmueller7787@yopmail.com,9551 Malesuada St.,Marchtrenk,8156,Upper Austria,Austria
KW0582596789451743883883530478,453 92595 24214 766,Ima Goff,1-842-370-4570,imagoff2450@yopmail.com,Ap #854-5519 Risus Avenue,Chungju,3783,North Chungcheong,South Korea
VG0425673536059405873961,2014 127277 62771,Sydnee Lewis,1-994-999-6434,sydneelewis7280@yopmail.com,Ap #471-1463 Adipiscing. Ave,Hallein,7816,Salzburg,Austria
TN1850858870685822335749,646 36456 23259 423,Abdul Glenn,1-875-331-5415,abdulglenn@yopmail.com,Ap #471-2527 In Ave,Yurimaguas,26441,Loreto,Peru
CY67645392912567183667532222,3685 916535 27637,Graiden Barnes,1-345-671-8565,graidenbarnes@yopmail.com,213-8648 Non Ave,Palmerston,9293,Northern Territory,Australia
IT416MKSQI11171104388586318,3672 775924 26542,Jack Petersen,1-596-338-8051,jackpetersen8583@yopmail.com,632-5191 Iaculis Rd.,Canberra,3710,Australian Capital Territory,Australia
MT64UQZD38406537212318188304375,6.77E+18,Oleg Fleming,1-617-925-3723,olegfleming9807@yopmail.com,Ap #714-1293 Tortor. Street,Gijón,34357,Principado de Asturias,Spain
SE4438172646282706757517,4.91E+15,Jamal Wall,1-765-518-3789,jamalwall2039@yopmail.com,930-1585 Pede Rd.,Tangub,7846,Northern Mindanao,Philippines
TN4125443387623727978504,6304 5561 7393 2256,Heather Delaney,1-784-274-8751,heatherdelaney@yopmail.com,259-1246 Lacinia St.,Elbląg,55-870,Warmińsko-mazurskie,Poland
CZ8939523496682124889732,6476 6163 3587 7377,Amity Leonard,1-331-906-3933,amityleonard8854@yopmail.com,Ap #103-598 Parturient Rd.,Madrid,89545,Madrid,Spain
LI3342122622890269742,564182 2536753553,Sopoline Velazquez,1-505-434-7478,sopolinevelazquez1003@yopmail.com,608-7674 Porta Avenue,Zaria,532286,Kaduna,Nigeria
AT573274572788555063,5893 766 93 7690,Aquila Davis,1-256-303-2429,aquiladavis@yopmail.com,801-1183 Tincidunt St.,Khyber Agency,284306,FATA,Pakistan
MT15YSXN47578249928235492557691,6.76E+11,Zahir Reid,1-528-654-5221,zahirreid6634@yopmail.com,Ap #575-644 Adipiscing St.,Söke,72965,Aydın,Turkey
PS814969825705882432796089589,3027 425927 33856,Brock Wallace,1-316-383-8780,brockwallace5073@yopmail.com,"343-6921 Enim, Street",South Perth,6764,Western Australia,Australia
RO52JDIF3318054865584841,3.48E+14,Dacey Reilly,1-104-384-5072,daceyreilly8498@yopmail.com,319-4658 Luctus St.,Algeciras,98471,Andalucía,Spain
GE31136926514562366457,490564 38 6444 3837 267,Christian Kane,1-481-589-7416,christiankane@yopmail.com,"P.O. Box 239, 6142 Massa Rd.",Kaliningrad,236340,Kaliningrad Oblast,Russian Federation
ES3317163116257498885938,6706 3126 7613 7355,Jolie Phillips,1-546-328-7152,joliephillips505@yopmail.com,320-5285 Ut Rd.,Tabuk,857,Cordillera Administrative Region,Philippines
KW1287429183939351406968326377,5.37E+15,Blossom Randall,1-844-788-0426,blossomrandall4914@yopmail.com,189-7699 Ornare Street,Gliwice,71-278,Sląskie,Poland
CH7647661132844944572,6.76E+15,Aimee Hahn,1-294-498-4896,aimeehahn1213@yopmail.com,"P.O. Box 250, 6143 Mus. Rd.",Ludvika,74155,Dalarnas län,Sweden
KW5145023726518781197472131161,402641 582274 5287,Madaline Chandler,1-728-134-6312,madalinechandler1587@yopmail.com,Ap #718-8704 Blandit Rd.,Goes,8356 JG,Zeeland,Netherlands
CR5521046164187954666,5634 631528 1353,Meredith Abbott,1-866-526-6028,meredithabbott@yopmail.com,147-3208 Lorem Ave,Guangdong,782235,Zhōngnán,China
GT45390927648353984836020873,6334 6243 7179 1264,Shaeleigh Cook,1-665-446-7523,shaeleighcook@yopmail.com,"P.O. Box 688, 1710 Velit. Ave",Berlin,47887,Berlin,Germany
LI0917632645452111440,402 66374 33425 963,Wang Winters,1-434-797-7448,wangwinters1131@yopmail.com,Ap #716-8395 Fames Rd.,Mohmand Agency,842054,FATA,Pakistan
CH5291713618717431174,564182 381243 5790,Travis Patel,1-540-165-2228,travispatel@yopmail.com,Ap #971-5620 Malesuada Ave,Åkersberga,28432,Stockholms län,Sweden
MR6044591251144587234560983,3633 818353 94352,Sage Pena,1-475-773-9223,sagepena2051@yopmail.com,423-8454 Aliquam Road,Jeju,16635,Jeju,South Korea
PT40748836771276226683331,2149 332422 11270,Shaeleigh Calderon,1-254-436-3559,shaeleighcalderon3220@yopmail.com,"P.O. Box 324, 7068 Pharetra Rd.",Völkermarkt,8247,Carinthia,Austria
DE02963528155826519643,6.77E+17,Aileen Miranda,1-256-327-4497,aileenmiranda7161@yopmail.com,Ap #688-995 Et Rd.,Szczecin,86-222,Zachodniopomorskie,Poland
EE021242652791582749,471636 733856 5664,Larissa Goodwin,1-225-728-7663,larissagoodwin@yopmail.com,Ap #516-9005 Pretium Rd.,Tuy Hòa,314608,Phú Yên,Vietnam
MK28514863646672196,4539 9196 2257 7857,Quamar Conrad,1-541-680-0457,quamarconrad@yopmail.com,Ap #244-5124 Egestas. Rd.,Vancouver,34337,Washington,United States
SI14587470712522277,6.71E+18,Galvin Williams,1-929-462-3945,galvinwilliams6608@yopmail.com,Ap #848-768 Donec Road,Salon-de-Provence,66892,Provence-Alpes-Côte d'Azur,France
CY09515326372614393164778443,6.33E+17,Reece Stein,1-692-723-5934,reecestein3221@yopmail.com,Ap #897-1930 Orci Rd.,Kimberley,9964-3289,Northern Cape,South Africa
HU46657391363781437672958667,491 31483 54531 173,Quintessa Wells,1-813-716-8277,quintessawells@yopmail.com,780-9299 Molestie Road,Gorontalo,11561,Gorontalo,Indonesia
FI0702527407221623,648728 8792736376,Axel Fulton,1-448-752-8238,axelfulton@yopmail.com,"Ap #511-4388 Erat, St.",Pirmasens,57856,Rheinland-Pfalz,Germany
DK1551697033495454,6.77E+18,Phyllis Orr,1-336-681-1612,phyllisorr6891@yopmail.com,"502-1342 Auctor, St.",Plauen,51238,Sachsen,Germany
MD5437941573567775710803,6.33E+15,Piper Mcmahon,1-411-382-9229,pipermcmahon@yopmail.com,381-7341 Libero Rd.,Suncheon,26257,South Jeolla,South Korea
BG03GAXF53950580385875,4.91E+15,Michael Brady,1-882-719-6852,michaelbrady@yopmail.com,"Ap #499-2013 Vulputate, Avenue",Kano,684962,Kano,Nigeria
PK7681513737992125815914,6.33E+18,Ebony Moses,1-256-239-3506,ebonymoses@yopmail.com,688-9888 Nullam St.,Outram,774238,Central Region,Singapore
FR9242544381353355309667133,2014 288224 68346,Burke Richard,1-794-647-4543,burkerichard@yopmail.com,Ap #476-8574 Sed St.,Maryborough,9721,Queensland,Australia
GI69FSCM396794372137445,2149 226654 72592,Mechelle Mills,1-854-242-8722,mechellemills@yopmail.com,760-2455 Nec Rd.,Ingolstadt,28203,Bayern,Germany
LI7553127284853745653,493647 8938462352,Wesley Gates,1-328-674-5334,wesleygates@yopmail.com,Ap #156-9194 Ipsum Rd.,Garbsen,66726,Niedersachsen,Germany
ME03177238270414838218,2014 621325 47663,Drew Cooley,1-709-984-0981,drewcooley6926@yopmail.com,Ap #922-9764 Auctor Av.,Simpang,643625,North Region,Singapore
MU3655550831379743086412687464,6.77E+18,Alisa Finley,1-449-184-4468,alisafinley@yopmail.com,621-7971 Suspendisse St.,Port Elizabeth,3130-1534,Eastern Cape,South Africa
GI34IQEU952149817194034,490576 7487582488,Daquan Moran,1-627-687-0714,daquanmoran1064@yopmail.com,452-8339 Curae Av.,Masbate City,8568,Bicol Region,Philippines
NO3297897945924,3.00E+14,Indira Hawkins,1-694-461-2517,indirahawkins@yopmail.com,545-3654 Eu Ave,Shikarpur,359542,Sindh,Pakistan
DO54173238787529524134062081,484 45385 24587 143,Alisa Graham,1-766-681-2963,alisagraham@yopmail.com,"486-1246 Ut, St.",Aparecida de Goiânia,75782-989,Goiás,Brazil
RS55416046360525119531,4.91E+15,Fritz Ball,1-268-320-8546,fritzball6596@yopmail.com,"P.O. Box 546, 9818 Adipiscing Road",Metro,85774,Lampung,Indonesia
HU18169516919031358583134090,633 34648 45444 252,Elmo Stout,1-484-761-4497,elmostout8411@yopmail.com,704-632 Consectetuer Rd.,Bernburg,46085,Sachsen-Anhalt,Germany
AL97018172970586921796457652,4929 5656 2784 7833,Quon Hardy,1-795-542-7876,quonhardy1965@yopmail.com,Ap #870-2950 Aliquam St.,Söderhamn,36767,Gävleborgs län,Sweden
CZ7415528705439293867314,4.90E+18,Yuri Price,1-546-435-1852,yuriprice@yopmail.com,876-7779 Accumsan Rd.,Silvassa,907579,Dadra and Nagar Haveli,India
PL70482541408866110860367566,402400 714439 2856,Tyrone Burgess,1-811-837-1233,tyroneburgess5245@yopmail.com,398-5237 Interdum. St.,Lebowakgomo,3418-5145,Limpopo,South Africa
LV59IYHO4858556132625,677 15878 98666 154,Neville Rasmussen,1-235-625-7843,nevillerasmussen297@yopmail.com,973-7229 Gravida Rd.,Baguio,2878,Cordillera Administrative Region,Philippines
CY41933352613640577262146144,633487 1213327340,Fitzgerald Kramer,1-456-448-6373,fitzgeraldkramer@yopmail.com,766-7746 Egestas St.,Samsun,22742,Samsun,Turkey
VG6590350867126832843787,538348 7639416821,Bo Ayers,1-321-347-8338,boayers9109@yopmail.com,"P.O. Box 663, 5946 Nonummy. Ave",Puerto Princesa,4618,Southwestern Tagalog Region,Philippines
TN3926167675503315785938,649744 1141794962,Sybil Young,1-676-632-7456,sybilyoung@yopmail.com,950-324 Phasellus Rd.,Malang,61871,East Java,Indonesia
PT88838092144737213428017,402 40071 83494 217,Gabriel Porter,1-350-275-3686,gabrielporter@yopmail.com,9631 Egestas St.,Oaxaca,47452-24897,Oaxaca,Mexico
AD6824914850757313733803,522322 9945514798,Teegan Whitehead,1-672-168-4824,teeganwhitehead9563@yopmail.com,830-5952 Elit. Rd.,Nizhny,605194,Nizhny Novgorod Oblast,Russian Federation
BA863283225676417681,3622 586872 88869,Yetta Fitzgerald,1-481-384-5050,yettafitzgerald@yopmail.com,620-6351 Consectetuer Ave,Mosjøen,3435,Nordland,Norway
SA0382258395852490643569,3471 373726 25579,Mollie Mayer,1-814-856-8556,molliemayer@yopmail.com,479-4420 Mollis Avenue,West Jordan,54561,Utah,United States
AT138244684707316113,551 67126 97342 340,Amy Griffith,1-717-132-3471,amygriffith@yopmail.com,943-3085 Aenean Rd.,Parys,5280-0886,Free State,South Africa
CH0771156111054684538,6.01E+15,Chanda Livingston,1-468-536-4293,chandalivingston6875@yopmail.com,Ap #336-7516 Pede St.,Tlaquepaque,56743-77080,Jalisco,Mexico
LB31884366123754796643274697,6.77E+15,Tatyana Craft,1-647-707-3441,tatyanacraft@yopmail.com,"P.O. Box 357, 1882 Lorem St.",North-Eastern Islands,335326,North-East Region,Singapore
HR8924516663180828830,402 66556 86887 440,Anjolie Gardner,1-160-256-8804,anjoliegardner@yopmail.com,Ap #563-7514 Enim. St.,Vị Thanh,515613,Hậu Giang,Vietnam
GI87PTQI251120625422932,3.48E+14,Sharon Britt,1-728-262-9083,sharonbritt@yopmail.com,"P.O. Box 396, 4598 Molestie Rd.",Tonalá,92388-35345,Jalisco,Mexico
GL6827325064162330,3.06E+14,Lunea Fitzgerald,1-433-775-3470,luneafitzgerald@yopmail.com,Ap #933-1868 Parturient St.,Fürstenwalde,42728,Brandenburg,Germany
HR5812477877653564578,652 91278 93254 477,Henry Cooke,1-261-176-6346,henrycooke@yopmail.com,126-9677 Tincidunt Ave,Hastings,1770,North Island,New Zealand
LV41VCPW8822298058527,491652 3487558318,Regina Steele,1-670-626-3414,reginasteele2735@yopmail.com,263-7112 Cras Road,Polokwane,2343-1478,Limpopo,South Africa
FR8816433555177639573858245,6334 1922 3832 4653,Donovan Jefferson,1-629-215-1173,donovanjefferson@yopmail.com,4853 Blandit Rd.,Rochor,122822,Central Region,Singapore
DK9051248644043375,3633 271843 22353,Prescott Hodges,1-818-657-5316,prescotthodges3059@yopmail.com,Ap #386-3565 Nulla Street,Bauchi,440152,Bauchi,Nigeria
EE534055377357676813,4917 6662 6854 2958,Gil Combs,1-745-984-5151,gilcombs@yopmail.com,"P.O. Box 354, 4962 Neque Rd.",Hunan,834131,Zhōngnán,China
LB29223695185049467440310636,473956 2145525637,Trevor Snow,1-371-214-7928,trevorsnow@yopmail.com,"P.O. Box 305, 4221 Aliquam Rd.",Weiterstadt,16633,Hessen,Germany
KW3952294856866803208054159850,3454 373426 38443,Eugenia Salinas,1-850-603-1778,eugeniasalinas8704@yopmail.com,"Ap #595-3351 Erat, Street",Palma de Mallorca,41122,Illes Balears,Spain
NL05OUJP6116604272,3.48E+14,Fitzgerald Schneider,1-831-785-9560,fitzgeraldschneider6401@yopmail.com,"P.O. Box 727, 3991 Enim. St.",Awaran,114167,Balochistan,Pakistan
SE7316140435157758955858,556 25543 53162 486,Dylan Gay,1-701-840-5224,dylangay4044@yopmail.com,6939 Nisl Rd.,Tuxtla Gutiérrez,27605-76259,Chiapas,Mexico
BE95185767312442,2.01E+14,Samson Harvey,1-544-534-6938,samsonharvey6021@yopmail.com,"P.O. Box 169, 5889 Lacus Rd.",Bunbury,2770,Western Australia,Australia
IS173768111721833449035506,630435 62 5772 6486 774,Prescott Bates,1-297-231-1056,prescottbates6635@yopmail.com,Ap #910-8185 Risus. St.,Manizales,753876,Caldas,Colombia
LI8074262285694333272,4.18E+15,Rowan Harrison,1-256-714-7124,rowanharrison3723@yopmail.com,1055 Dolor. Rd.,Chungju,21725,North Chungcheong,South Korea
KZ133357447245127516,417500 1767675280,Herman Workman,1-462-207-0957,hermanworkman5733@yopmail.com,"P.O. Box 652, 7745 Donec Rd.",Höchst,7788,Vorarlberg,Austria
LB89538368037376758133759633,4.53E+12,Brody English,1-292-714-8016,brodyenglish@yopmail.com,959-3538 Sociosqu Rd.,San Jose del Monte,4732,Central Luzon,Philippines
ME14976418535831488974,527421 726813 9788,Kyla Andrews,1-904-738-3675,kylaandrews@yopmail.com,648-3620 Fringilla Road,Ternate,64111,North Maluku,Indonesia
TR349270718585180368448313,646824 2247145660,Daryl Wilson,1-451-848-8150,darylwilson4257@yopmail.com,Ap #597-8988 Nec Rd.,Tay,P3G 0P2,Ontario,Canada
AT613415536468665378,3682 742822 39235,Raphael Doyle,1-700-373-4410,raphaeldoyle@yopmail.com,1606 Proin Ave,San Isidro de El General,11613,San José,Costa Rica
IT035UJQOI40895248315751952,3.77E+14,Quail Pittman,1-585-912-6681,quailpittman@yopmail.com,"P.O. Box 158, 1238 Non, Rd.",Motueka,8888,South Island,New Zealand
IE98SCDR60219866058516,676775 224186 3249,Beck Cole,1-313-780-8495,beckcole@yopmail.com,Ap #670-6238 Curabitur Ave,Nizhny,604568,Nizhny Novgorod Oblast,Russian Federation
GI96HBDQ527421505034515,670622 24 3777 8222 784,Zane Mcneil,1-327-362-1377,zanemcneil@yopmail.com,4190 Vitae Av.,Thanh Miện,617529,Hải Dương,Vietnam
IT027BVQKI51559395018922353,3029 295243 15593,Amanda Padilla,1-349-458-1866,amandapadilla6140@yopmail.com,500-2012 Integer Road,Picton,2269,South Island,New Zealand
GB58WWAY45741510467858,3.66E+14,Faith Mathews,1-943-728-7619,faithmathews@yopmail.com,5882 Nullam Rd.,Alto Baudó,456754,Chocó,Colombia
NL25JYRQ1826321788,6454 4633 6596 2381,George Merritt,1-127-622-7275,georgemerritt9048@yopmail.com,"262-8360 Montes, Rd.",Te Awamutu,7481,North Island,New Zealand
AD6357686989817733175552,649 56143 62752 545,Lareina Baker,1-951-225-0185,lareinabaker4754@yopmail.com,"412-2262 Scelerisque, Ave",Oaxaca,81589-14433,Oaxaca,Mexico
KZ738727216657878792,491394 441788 3654,Juliet Duffy,1-617-254-6655,julietduffy@yopmail.com,Ap #112-1613 Sed Street,Cochin,633456,Kerala,India
BG17HFTF02915548955855,3.67E+14,Reece Harrell,1-872-449-8744,reeceharrell@yopmail.com,"P.O. Box 910, 2647 Arcu. St.",Rovereto,16368,Trentino-Alto Adige,Italy
RS57358886788161933734,492923 6162179541,Alexander Mays,1-141-898-1139,alexandermays@yopmail.com,"P.O. Box 206, 7398 Magna Street",Tampines,223527,East Region,Singapore
PT37556892424725641772349,3452 554123 57482,Vance Meyer,1-223-738-7536,vancemeyer8563@yopmail.com,4905 Urna. St.,Antipolo,7785,Calabarzon,Philippines
IL866072617528115275329,538317 243866 1567,Richard Burnett,1-851-337-3215,richardburnett@yopmail.com,743-4857 Ac Rd.,Lodine,85346,Sardegna,Italy
SA4417172282018427081458,4.49E+15,Cassandra Torres,1-946-586-9662,cassandratorres7953@yopmail.com,Ap #393-6788 Ornare. St.,Bến Tre,542322,Bến Tre,Vietnam
DK2352751117629672,2149 956734 48689,Sade Trevino,1-549-612-9030,sadetrevino6652@yopmail.com,417-3265 Lorem Av.,Jeonju,9445,North Jeolla,South Korea
IS987362995231171567537486,6.45E+15,Teagan Stephens,1-817-638-1162,teaganstephens1954@yopmail.com,Ap #963-6049 Tincidunt Rd.,Mogi das Cruzes,19624-872,São Paulo,Brazil
MK65652632684776412,453382 281624 4977,Zephr Calhoun,1-789-442-8557,zephrcalhoun1151@yopmail.com,498-6818 Parturient Avenue,Sabanalarga,421476,Atlántico,Colombia
BE18717352412481,3653 786433 21757,Norman Benson,1-534-560-3267,normanbenson8474@yopmail.com,Ap #910-3786 Aliquam Road,Tuluá,751265,Valle del Cauca,Colombia
FO1747733531912155,492965 3574746529,Jescie Reyes,1-518-452-5336,jesciereyes@yopmail.com,"P.O. Box 483, 6623 Porttitor Ave",Murree,453688,Punjab,Pakistan
SA6635014856154597111803,6.33E+15,Indira Griffin,1-314-453-3062,indiragriffin@yopmail.com,Ap #289-829 Vel Rd.,Narowal,888826,Punjab,Pakistan
MC6587050865088757562144594,670 97417 83431 284,Hillary Holloway,1-684-687-9376,hillaryholloway@yopmail.com,Ap #358-3864 Cum St.,Galway,1839,Connacht,Ireland
SK0218415549487185551609,484 48386 33961 647,Signe Rosa,1-477-348-1357,signerosa8828@yopmail.com,Ap #791-715 Maecenas Ave,Beypazarı,1921,Ankara,Turkey
AD6366226578067813644219,633 43438 72783 486,Nero Valdez,1-665-242-7646,nerovaldez@yopmail.com,223-7281 Lobortis Av.,Imst,6146,Tyrol,Austria
GL9620364781180873,4485 7168 5962 3162,Brian Bates,1-313-904-7730,brianbates998@yopmail.com,"Ap #680-6357 Enim, Ave",Denderbelle,6757,Oost-Vlaanderen,Belgium
GE31389007165829524019,3.64E+14,Odysseus Tyler,1-552-637-3734,odysseustyler@yopmail.com,6159 Litora Av.,Kaduna,711982,Kaduna,Nigeria
AL22848512594649544141266852,5.04E+17,Kiara Dotson,1-361-441-9422,kiaradotson2489@yopmail.com,Ap #808-8918 Felis. St.,Dovzhansk,48-71,Luhansk oblast,Ukraine
CZ5123353147741737749585,4.72E+12,Maite Benson,1-736-637-7275,maitebenson@yopmail.com,Ap #353-6982 Rutrum Rd.,Los Vilos,691853,Coquimbo,Chile
MK22227438327631535,3486 824245 23149,Carissa Dean,1-141-346-3124,carissadean@yopmail.com,251-3932 Mattis St.,Canberra,6822,Australian Capital Territory,Australia
CH1840396522884321131,5.64E+15,Gannon Glass,1-395-941-7096,gannonglass@yopmail.com,5786 Tincidunt St.,Ambon,66183,Maluku,Indonesia
SE9725184679527321054345,6.76E+15,Astra Pollard,1-321-172-8809,astrapollard2647@yopmail.com,916-4785 Interdum Rd.,Christchurch,2228,South Island,New Zealand
PT53167178926385433290501,3026 779942 58377,Renee Lane,1-325-353-5265,reneelane@yopmail.com,"Ap #689-6310 Quam, Avenue",Pacoa,414851,Vaupés,Colombia
CZ9065642521222875229362,4.91E+18,Lavinia Wooten,1-822-632-7685,laviniawooten4305@yopmail.com,8788 Enim Avenue,Nizhny,604895,Nizhny Novgorod Oblast,Russian Federation
KW9044627333556958471380197922,5.64E+18,Shafira Head,1-146-375-3880,shafirahead@yopmail.com,546-8227 Ad Road,Sacramento,91832,California,United States
AT712795710128316118,5.48E+15,Cooper Butler,1-803-358-6263,cooperbutler4859@yopmail.com,835-3568 Sit Av.,Osnabrück,75825,Niedersachsen,Germany
LT561778169616711338,453 28665 82356 433,Steel Conner,1-372-322-2733,steelconner60@yopmail.com,856-130 Placerat Avenue,Ansfelden,4698,Upper Austria,Austria
NO2054625359754,6.77E+16,Raphael William,1-836-474-8489,raphaelwilliam@yopmail.com,581-3883 Faucibus Road,Tonk,384480,Rajasthan,India
FR4734304409762766625084156,3037 182176 83162,Gareth Holder,1-822-227-9484,garethholder104@yopmail.com,"Ap #229-6966 Elit, St.",Frederikstad,8032,Viken,Norway
CR7498459864053297181,450843 829915 8468,Elijah Burke,1-558-303-2700,elijahburke3443@yopmail.com,2404 Sodales Ave,Ludvika,23506,Dalarnas län,Sweden
FI2359663557373547,3663 232581 27882,Madeline Mathews,1-503-340-2314,madelinemathews@yopmail.com,5073 Eleifend Av.,Shigar,440896,Gilgit Baltistan,Pakistan
LT541865871671169317,542488 7885782431,Trevor Goff,1-775-813-2910,trevorgoff@yopmail.com,"P.O. Box 457, 9205 Fusce Avenue",Lower Hutt,2667,North Island,New Zealand
KW7154086434749368846444326534,676728 66 2776 3845 830,Desirae Bennett,1-476-375-1430,desiraebennett@yopmail.com,400-9864 Nunc. St.,Rueglio,55503,Piemonte,Italy
CH0822538196376436336,3.03E+14,Travis Farley,1-863-752-4836,travisfarley7842@yopmail.com,"Ap #252-6579 Nec, Rd.",Canberra,3411,Australian Capital Territory,Australia
NO4678317292678,544746 674811 4786,Hop Nelson,1-395-711-1252,hopnelson9556@yopmail.com,Ap #187-6522 Congue Rd.,Tengah,982897,West Region,Singapore
VG8245173382553468622617,3.44E+14,Hiram Andrews,1-497-282-1425,hiramandrews5594@yopmail.com,865-3934 Dis Ave,Okigwe,455181,Imo,Nigeria
LU657222729355843544,524622 471893 7469,Sierra Mcconnell,1-411-447-2505,sierramcconnell@yopmail.com,Ap #848-5823 Auctor St.,Bear,82123,Delaware,United States
CH2820101546516497526,4.92E+12,Hayley Hensley,1-665-560-3973,hayleyhensley5933@yopmail.com,"Ap #206-9872 Nec, Avenue",Biggleswade,LB45 1WP,Bedfordshire,United Kingdom
IL881405370904103884644,2.15E+14,Dolan Nicholson,1-890-153-7171,dolannicholson@yopmail.com,Ap #350-614 Eros Av.,Lambayeque,18186,Lambayeque,Peru
BG11YECM83592392668072,633 46235 31372 858,Maxwell Rivas,1-771-785-9724,maxwellrivas4401@yopmail.com,180-9817 In Avenue,Barranca,20616,Puntarenas,Costa Rica
MC6653778666548139433725184,559886 7374657435,Sandra Sharp,1-788-286-4828,sandrasharp@yopmail.com,Ap #399-4500 Turpis Street,Hamilton,A1 8QH,Lanarkshire,United Kingdom
BG53MPFP17653255898385,675993 7376624322,Linda Davidson,1-413-898-6744,lindadavidson@yopmail.com,"Ap #457-5983 Ornare, Street",Balvano,42348,Basilicata,Italy
SK9736811975403867727777,6.30E+17,Hope Nolan,1-145-445-2924,hopenolan7575@yopmail.com,326-1547 Turpis Street,Sokoto,564642,Sokoto,Nigeria
NO1471271911072,633451 436629 2446,Basia Holloway,1-614-691-1647,basiaholloway7243@yopmail.com,"P.O. Box 644, 879 In Avenue",Burg,39626,Sachsen-Anhalt,Germany
FO7207661512244498,491665 4866396549,Devin Levy,1-376-415-3755,devinlevy@yopmail.com,"P.O. Box 109, 4437 Neque Avenue",Zierikzee,4558 HF,Zeeland,Netherlands
LB86352633804523461445564262,6.30E+17,Teagan Odom,1-445-561-4153,teaganodom3766@yopmail.com,"P.O. Box 188, 7001 Aliquet Ave",Belfast,3314,Ulster,Ireland
MC6894875043164238175883308,3.77E+14,Sydnee Jefferson,1-224-887-9376,sydneejefferson@yopmail.com,"390-2209 Cursus, Street",Serang,34036,Banten,Indonesia
AD4307546670547684313607,6.71E+18,Isaac Foley,1-527-582-7741,isaacfoley2456@yopmail.com,255-2052 Malesuada Road,Alto Hospicio,932593,Tarapacá,Chile
NL48LKQF5166113673,518115 263645 4993,Cynthia Downs,1-748-556-8446,cynthiadowns@yopmail.com,Ap #105-9825 Mattis. Street,Nelson,8744,South Island,New Zealand
DE45515713650136172485,3653 324338 69731,Aurelia Smith,1-526-683-8962,aureliasmith5201@yopmail.com,7234 Euismod St.,Rostock,50120,Mecklenburg-Vorpommern,Germany
AE416928298857671902322,677165 833834 3264,Brenda Mcbride,1-449-766-8423,brendamcbride4300@yopmail.com,259-3580 Ultrices Rd.,Timaru,1958,South Island,New Zealand
AT713361865986766304,2.01E+14,Giselle Bradley,1-376-976-4273,gisellebradley1373@yopmail.com,Ap #993-5735 Mauris St.,Río Verde,121057,Magallanes y Antártica Chilena,Chile
PK5851261268048632226182,474569 249988 7572,Brynn Bradford,1-770-626-1440,brynnbradford@yopmail.com,1688 Semper St.,Białystok,63-986,Podlaskie,Poland
IS205478084898646764511158,644776 776577 7854,Zeph Evans,1-787-560-8734,zephevans4084@yopmail.com,511-2269 Pede St.,Killa Saifullah,678935,Balochistan,Pakistan
MR5247773745303426517253439,576 78843 41569 176,Uriel Edwards,1-666-711-0464,urieledwards7854@yopmail.com,"P.O. Box 915, 9543 Praesent Street",Rahimyar Khan,286267,Punjab,Pakistan
CZ7379823883409956862059,633456 5313671264,Tara Love,1-352-657-6887,taralove@yopmail.com,Ap #747-8162 Scelerisque Avenue,Sungai Penuh,48927,Jambi,Indonesia
MT87PQCU79792809666878270268839,6.33E+15,Acton Nielsen,1-689-665-6849,actonnielsen@yopmail.com,7457 Euismod St.,Malambo,887747,Atlántico,Colombia
HU72325333475691542422170461,633438 9884766365,Kelly Hickman,1-652-788-5827,kellyhickman@yopmail.com,"451-3160 Nec, Ave",Hougang,662314,North-East Region,Singapore
IE22HEUX38803968651055,3731 357263 49752,Ella Hyde,1-413-735-8572,ellahyde@yopmail.com,"P.O. Box 513, 426 Amet, Ave",Çermik,21036,Diyarbakır,Turkey
BE06286661732221,4929 838 52 7786,Nehru Bauer,1-686-732-3563,nehrubauer4103@yopmail.com,"P.O. Box 532, 6361 Euismod Road",San Juan de Girón,858425,Santander,Colombia
HU83774375274334743285486710,676797 549752 4351,Mariam Collins,1-397-459-5271,mariamcollins@yopmail.com,Ap #758-8325 Orci Ave,Cao Lãnh,227176,Đồng Tháp,Vietnam
PK5946854926283432452330,6.71E+18,Arsenio Sellers,1-715-126-7770,arseniosellers@yopmail.com,Ap #832-5960 Urna. Avenue,Ganshoren,6760,Brussels Hoofdstedelijk Gewest,Belgium
LV33WQWA2132255904745,3.03E+14,Ian Wong,1-388-925-3925,ianwong@yopmail.com,407-9359 Ultricies Avenue,Sanquhar,C7 5DA,Dumfriesshire,United Kingdom
MC4859874501974872448332427,676783 42 1333 8545 689,Ingrid Solomon,1-783-636-4238,ingridsolomon@yopmail.com,Ap #375-8436 Ornare Rd.,La Plata,566699,Huila,Colombia
PL59814731383794973335133069,676746 37 6752 4376 355,Yvonne Wyatt,1-814-475-5176,yvonnewyatt7255@yopmail.com,7113 Luctus Ave,Bremen,29438,Bremen,Germany
FO2027229101175935,3618 524985 53254,Justine Carr,1-391-949-3467,justinecarr@yopmail.com,Ap #228-7050 Purus Av.,Acquafredda,78686,Lombardia,Italy
SE1104759276542456434233,2149 614473 56665,Juliet Solomon,1-485-256-6094,julietsolomon@yopmail.com,Ap #311-758 Vitae Avenue,Pskov,182692,Pskov Oblast,Russian Federation
ES1783768615372339528151,4.91E+17,Paloma Everett,1-818-506-5786,palomaeverett@yopmail.com,950-5318 At Street,Schwäbisch Gmünd,57448,Baden Württemberg,Germany
CZ6193833583785781171545,4844 6886 8628 5133,Talon Hartman,1-623-442-0687,talonhartman@yopmail.com,"P.O. Box 771, 1413 Sed Av.",Deventer,5315 FW,Overijssel,Netherlands
CR6342127634118738112,3.03E+14,Jenna Perry,1-758-345-2689,jennaperry8871@yopmail.com,8285 Nunc Street,Bremen,12653,Bremen,Germany
IL743065056352040136034,3058 124754 22484,Kibo Briggs,1-838-272-5155,kibobriggs@yopmail.com,320-782 Ut Av.,Quesada,20718,Alajuela,Costa Rica
MR2408365957773286087236192,2.01E+14,Charity Mejia,1-516-542-6871,charitymejia@yopmail.com,233-5390 Est. St.,Gölcük,4643,Kocaeli,Turkey
FR7373971031885787466815588,644351 758514 4312,Alden Wolfe,1-449-754-7133,aldenwolfe1165@yopmail.com,373-8022 Ligula St.,Almelo,3658 EX,Overijssel,Netherlands
AT805134733321222404,5.19E+15,Slade Monroe,1-457-691-8955,slademonroe@yopmail.com,Ap #876-4980 Massa. Rd.,Kuruman,5622-1628,Northern Cape,South Africa
BH51415217731485850523,2.15E+14,Calista Elliott,1-853-625-4633,calistaelliott8584@yopmail.com,4119 Dui St.,Ivangorod,187750,Leningrad Oblast,Russian Federation
LU968534059841133652,2149 554341 15365,Wang Sargent,1-925-514-1425,wangsargent@yopmail.com,Ap #542-522 Sit Rd.,Cà Mau,445269,Cà Mau,Vietnam
CZ5136421215187338387942,6.30E+12,Ezra Alston,1-341-653-3280,ezraalston1523@yopmail.com,7647 Curae St.,Tejar,30211,Cartago,Costa Rica
RO70YWTO6811043687956306,522376 459445 8657,Florence Dickson,1-455-717-2861,florencedickson@yopmail.com,Ap #994-2402 Et Rd.,Pasir Ris,357353,East Region,Singapore
MD3911217307110211982093,491362 366867 1832,Gregory Mckenzie,1-704-783-3863,gregorymckenzie@yopmail.com,8411 Urna. St.,Oaxaca,28116-23861,Oaxaca,Mexico
ES8867531043039053705431,3627 679336 44642,Nigel Short,1-110-116-8343,nigelshort@yopmail.com,739-9606 Eu St.,Lagos,437578,Lagos,Nigeria
BG32EWAT25376308758484,3.65E+14,Libby Francis,1-437-322-8821,libbyfrancis8508@yopmail.com,Ap #680-4822 Tincidunt Road,Gangneung,3836,Gangwon,South Korea
LI3488248803150970282,676 72736 42612 788,Cairo Buchanan,1-537-466-7186,cairobuchanan@yopmail.com,3496 Fringilla. Road,Turgutlu,12325,Manisa,Turkey
MU9547587369622192247776722017,5388 7563 8375 3752,Camilla Morin,1-389-658-2374,camillamorin@yopmail.com,576-1287 Odio. St.,Şereflikoçhisar,55713,Ankara,Turkey
BH05939571551435472124,646 43917 87477 613,Susan Richard,1-640-648-3675,susanrichard@yopmail.com,"8718 Amet, Rd.",Hervey Bay,7466,Queensland,Australia
SA3787129274248817110361,3.01E+14,Martina Mejia,1-244-854-1866,martinamejia@yopmail.com,140-548 Magnis Avenue,Jilin,399638,Dōngběi,China
KZ584405605353066212,4.03E+15,Whitney Robinson,1-428-721-2183,whitneyrobinson@yopmail.com,584-5483 Rhoncus. Rd.,Chepén,27401,La Libertad,Peru
NL59DDAD8225672265,630 45543 63484 527,Adena Garner,1-551-122-6536,adenagarner990@yopmail.com,"P.O. Box 662, 7976 Lobortis Av.",Salt Lake City,44944,Utah,United States
NO0248503794353,2014 663253 26462,Fay Ratliff,1-424-687-5745,fayratliff@yopmail.com,288-8631 Facilisis Rd.,Soledad de Graciano Sánchez,15995-53244,San Luis Potosí,Mexico
ME82842400666143762651,2.15E+14,TaShya Perkins,1-250-341-5217,tashyaperkins240@yopmail.com,556-2155 Tristique Rd.,La Higuera,883359,Coquimbo,Chile
AT892118274652124116,5.02E+15,Jaime Trevino,1-412-740-8868,jaimetrevino5513@yopmail.com,297-1261 Amet St.,Shaki,628281,Oyo,Nigeria
AT343845586855568874,6.76E+16,Calvin Duke,1-220-534-3187,calvinduke9171@yopmail.com,963-7071 Sem Av.,Shandong,547189,Huádōng,China
ES1336108135277325368942,5893 628628 7286,Rinah Cooper,1-611-888-1623,rinahcooper7271@yopmail.com,587-7428 Nunc Avenue,Zeist,2973 RW,Utrecht,Netherlands
CZ1175395558738847325385,2.01E+14,Lester Wilson,1-868-929-6356,lesterwilson@yopmail.com,Ap #734-2979 Tristique Avenue,Da Lat,914626,Lâm Đồng,Vietnam
AE155943582158426156256,4.49E+12,Yolanda Dunn,1-518-743-1651,yolandadunn836@yopmail.com,"P.O. Box 652, 6860 In St.",Canberra,4071,Australian Capital Territory,Australia
NL57QJKB9587648551,5789 743 67 8490,Andrew Rollins,1-327-798-5736,andrewrollins@yopmail.com,361-2044 Enim Avenue,Ourense,56578,Galicia,Spain
LV39NFXP8888853844552,4716 8837 2522 5886,Tucker Bridges,1-946-529-3186,tuckerbridges@yopmail.com,"Ap #812-9696 A, Rd.",Toruń,59-705,Kujawsko-pomorskie,Poland
PL80514178197672484291846315,489493 613863 8683,Maite Skinner,1-322-937-1763,maiteskinner@yopmail.com,5851 Eget Rd.,Harrogate,L4 8TJ,Yorkshire,United Kingdom
MD4328226186730784744544,6.30E+16,Merritt Waters,1-823-153-5133,merrittwaters1200@yopmail.com,Ap #733-9575 Quis St.,Zielona Góra,55-312,Lubuskie,Poland
MU2913354210697503347542468159,4024 007 18 6877,Brennan Rhodes,1-217-295-1723,brennanrhodes4810@yopmail.com,6372 Posuere Rd.,Gunsan,23539,North Jeolla,South Korea
LB46339712645535827536175169,4.49E+15,Martina Hooper,1-987-686-5709,martinahooper@yopmail.com,"996-2873 Sed, Rd.",Ozamiz,9676,Northern Mindanao,Philippines
PL64678740834163197778601874,3008 268443 18574,Demetria Bauer,1-834-896-8231,demetriabauer@yopmail.com,Ap #231-1491 Lorem Rd.,Hạ Long,581377,Quảng Ninh,Vietnam
PK6911282784162517283993,633 42522 55424 966,Carson Winters,1-274-819-3753,carsonwinters@yopmail.com,Ap #698-3294 Est. Road,Changwon,24776,South Gyeongsang,South Korea
GL7809775887727220,4556 3753 3483 6511,Lisandra Foreman,1-268-888-3655,lisandraforeman2930@yopmail.com,Ap #688-9715 Tempus Rd.,Limache,241156,Valparaíso,Chile
MR8199424883255285646721826,6.44E+15,Kim Lee,1-484-538-2059,kimlee3465@yopmail.com,Ap #975-2636 Cubilia Street,Guangdong,851143,Zhōngnán,China
NL45CSQP7718983718,4.92E+15,Latifah Huffman,1-566-850-1234,latifahhuffman2872@yopmail.com,4736 Mauris Av.,Rzeszów,73-557,Podkarpackie,Poland
AE634448458248339203033,2.15E+14,Maxine Oneil,1-840-874-5044,maxineoneil@yopmail.com,"P.O. Box 499, 8271 Orci St.",San Isidro,10916,San José,Costa Rica
KZ742596441119257605,3.02E+14,Daniel Logan,1-653-834-9939,daniellogan@yopmail.com,"P.O. Box 375, 4675 Erat Rd.",Bendigo,4329,Victoria,Australia
VG6270690654729256840483,3.63E+14,Brianna Walter,1-587-483-7055,briannawalter@yopmail.com,9517 Sit Road,Siquirres,50111,Limón,Costa Rica
MD8931217627713515717811,6.30E+17,Yeo Riddle,1-282-215-3152,yeoriddle@yopmail.com,499-3051 Aliquet Avenue,Lanco,681977,Los Ríos,Chile
TR427456318786315546615153,490573 368461 5760,Sara Hernandez,1-408-455-8244,sarahernandez@yopmail.com,418-7991 Massa. St.,Guaymas,28437-97326,Sonora,Mexico
AE125440468621557858625,2014 362843 25128,Ariel Ochoa,1-247-311-5469,arielochoa9009@yopmail.com,412-8415 Libero Av.,Hainan,823193,Zhōngnán,China
BE29375436851644,633110 6527395284,Cora Walton,1-490-574-6041,corawalton@yopmail.com,704-1487 Nunc Avenue,Muzzafarabad,832036,Azad Kashmir,Pakistan
PS467043071811512249194703125,6.76E+17,Daria Green,1-323-782-6160,dariagreen@yopmail.com,Ap #956-9354 Suspendisse St.,Assebroek,4887,West-Vlaanderen,Belgium
MK17819455163365412,4508 4596 6624 4392,Amal O'connor,1-369-887-2782,amaloconnor@yopmail.com,946-5417 Luctus Rd.,Broken Arrow,35596,Oklahoma,United States
LV90RXNR6010629857380,514417 152672 4881,Maris Conner,1-219-764-8194,marisconner@yopmail.com,5618 Morbi Road,Kolhapur,544466,Maharastra,India
BH37084328258424767463,3.67E+14,Otto Flowers,1-612-647-9396,ottoflowers357@yopmail.com,246-8459 Auctor. Ave,Huntly,4060,North Island,New Zealand
DK8084022579176765,633433 4112996871,Graham Manning,1-385-656-3055,grahammanning@yopmail.com,Ap #679-2771 Dis Street,Karapınar,25810,Konya,Turkey
DE32531247642675677852,3042 293263 35263,Oliver Burgess,1-586-543-7548,oliverburgess6459@yopmail.com,464-191 Nonummy St.,Kidapawan,1374,Soccsksargen,Philippines
PK0378612430735285722616,3.05E+14,Kellie Sparks,1-852-553-3683,kelliesparks6231@yopmail.com,5296 Molestie Rd.,Yurimaguas,46196,Loreto,Peru
FI2668732193695872,6.33E+18,Anthony Fisher,1-676-857-6688,anthonyfisher@yopmail.com,Ap #888-5926 Ligula. St.,Jammu,807142,Jammu and Kashmir,India
