name,phone,email,address,postalZip,region,country
Sandra Burch,1-448-384-3584,sandraburch@yopmail.com,858-9976 Mauris St.,14869,Magallanes y Antártica Chilena,Pakistan
Britanney Farley,1-978-422-6116,britanneyfarley@yopmail.com,Ap #627-5863 Cras Rd.,23122,Bangka Belitung Islands,Belgium
Charlotte Lamb,1-356-366-9961,charlottelamb@yopmail.com,9618 Dui. Rd.,9443,Lower Austria,South Korea
Brennan Snider,1-848-711-7219,brennansnider@yopmail.com,1690 Quisque Street,0544,Piemonte,Italy
India Hoover,1-527-567-5128,indiahoover2034@yopmail.com,1262 Porttitor Road,176737,Gorontalo,India
Linus Cohen,(118) 989-7657,linuscohen@yopmail.com,770 Eu Ave,60051,Zuid Holland,Colombia
Rae Forbes,1-304-363-5792,raeforbes@yopmail.com,654-9953 Varius Avenue,76884,Southeast Sulawesi,Peru
Joy Patel,(614) 287-3621,joypatel@yopmail.com,Ap #255-1629 Faucibus Rd.,88618-984,Baja California,Mexico
Brock Dickson,(769) 766-2504,brockdickson1193@yopmail.com,854-6156 Justo Rd.,391505,North Kalimantan,Russian Federation
Shay Garner,1-177-881-3507,shaygarner@yopmail.com,Ap #161-6395 Mauris Av.,14-143,Guanacaste,Ukraine
Kiara Lester,1-377-314-3721,kiaralester5091@yopmail.com,640-5200 Nunc Av.,559642,Cesar,Poland
Evelyn Burt,(255) 214-6447,evelynburt1977@yopmail.com,210-7725 In Av.,1463,Hồ Chí Minh City,Mexico
Michelle Byrd,(782) 503-8922,michellebyrd@yopmail.com,Ap #539-2634 Tempus St.,94-888,Cusco,Canada
James Saunders,(578) 354-8163,jamessaunders@yopmail.com,"P.O. Box 922, 9401 Amet, Rd.",55372,Mecklenburg-Vorpommern,India
Malik Larsen,1-614-226-3546,maliklarsen2520@yopmail.com,Ap #827-361 Per Street,785824,Xīnán,Peru
Julie Buchanan,(479) 234-7714,juliebuchanan4718@yopmail.com,Ap #983-9944 Nec Street,46658,Innlandet,Chile
Sebastian Burch,1-511-721-1436,sebastianburch4637@yopmail.com,2189 Elit St.,81938-604,Styria,Poland
Ezekiel Harrell,(305) 259-2214,ezekielharrell@yopmail.com,788-2149 Sem. Rd.,195601,Limpopo,Peru
Adria Simpson,(842) 447-2432,adriasimpson7992@yopmail.com,347-4284 Eros. Ave,9634-4562,Quebec,Chile
Tyler Prince,1-430-860-7981,tylerprince@yopmail.com,566-3140 Sit Street,85862,Antofagasta,United States
Griffin Trevino,1-972-243-2463,griffintrevino6436@yopmail.com,192-2279 Eget Avenue,64875,Northern Territory,Sweden
Colette Guy,1-657-227-8258,coletteguy4599@yopmail.com,Ap #293-5172 Id Rd.,46452,Colorado,Ireland
Harding Blackwell,(117) 497-7026,hardingblackwell2368@yopmail.com,Ap #498-6134 Luctus Ave,4212,South Jeolla,Brazil
Abraham Cote,(352) 678-2104,abrahamcote1564@yopmail.com,Ap #206-5901 Sit Av.,7702,Jönköpings län,China
Mark Montoya,(245) 454-6333,markmontoya3821@yopmail.com,787-7245 Elit Av.,03958,Tripura,Vietnam
Amal Ashley,(160) 551-0148,amalashley8553@yopmail.com,818-5388 Sit Rd.,64883,East Kalimantan,Spain
Erin Williamson,(367) 404-7466,erinwilliamson8986@yopmail.com,"142-6417 Urna, St.",38405,Biobío,New Zealand
Rae Smith,(775) 776-6129,raesmith@yopmail.com,997-4599 Elementum Street,126678,Cusco,Australia
Adena Cantu,(272) 184-5877,adenacantu1336@yopmail.com,"P.O. Box 210, 7204 Aliquam Avenue",7717,Burgenland,Philippines
Chase Watson,1-505-266-8760,chasewatson6779@yopmail.com,"P.O. Box 852, 2896 Magna, St.",3914,Namen,South Africa
Signe Ochoa,(686) 467-7526,signeochoa@yopmail.com,"Ap #913-3624 Et, Rd.",T9A 4R3,Sachsen-Anhalt,Chile
Amal Mckee,1-271-323-5732,amalmckee2988@yopmail.com,"P.O. Box 757, 7308 Libero. Road",1617 VH,Limburg,Netherlands
Reece Baker,(242) 769-7532,reecebaker@yopmail.com,101-1271 Tempor Rd.,55542,Jeju,Canada
Coby Quinn,1-368-433-5215,cobyquinn8031@yopmail.com,1230 Massa. Avenue,83666-097,North Region,India
Kelly Wolf,(713) 319-4557,kellywolf@yopmail.com,"P.O. Box 529, 3549 Mauris, Rd.",952038,Bắc Giang,Philippines
Amaya Long,(806) 563-5429,amayalong@yopmail.com,Ap #679-1540 Nisi. Rd.,415247,Östergötlands län,Singapore
Orla Jefferson,1-797-848-3456,orlajefferson2113@yopmail.com,Ap #640-6927 Pharetra Rd.,2766,Gelderland,Norway
Jameson Mcclain,(414) 434-2162,jamesonmcclain@yopmail.com,Ap #702-2784 Suspendisse Av.,93406-528,Northwest Territories,France
Barclay Riggs,(898) 927-7807,barclayriggs7446@yopmail.com,135-2759 Sed Rd.,87775,Sindh,Philippines
Dalton Munoz,(717) 428-3139,daltonmunoz@yopmail.com,274-9540 Nec Av.,1184,Tamaulipas,India
Haviva Wright,1-223-698-5933,havivawright1511@yopmail.com,"527-2568 Elementum, Rd.",18680,South Australia,United Kingdom
David Casey,(610) 273-4747,davidcasey@yopmail.com,593-7583 Nisl Street,5311-4986,Santa Catarina,India
Sean Cantu,(557) 361-6105,seancantu@yopmail.com,332-4868 Neque. Street,8701 BL,Quindío,Netherlands
Dante Arnold,1-828-982-2251,dantearnold79@yopmail.com,597-5548 Proin St.,T8M 1E8,Małopolskie,Germany
Maia Durham,(542) 530-7030,maiadurham3982@yopmail.com,Ap #280-8088 Id Road,08813,Central Kalimantan,Costa Rica
Ethan Mathis,(989) 665-1313,ethanmathis@yopmail.com,"216-2343 Eleifend, Avenue",90781,Anambra,Indonesia
Basil Lynn,(683) 364-1478,basillynn2720@yopmail.com,787 Fringilla Ave,489403,Utrecht,Ukraine
Hedley Steele,(399) 231-0740,hedleysteele556@yopmail.com,"984-6913 Non, Rd.",221647,Quebec,South Africa
Hedley Delaney,(757) 875-7320,hedleydelaney4102@yopmail.com,Ap #523-6571 Pellentesque Street,1656-4314,Bahia,Poland
Chandler Daugherty,(438) 529-4086,chandlerdaugherty@yopmail.com,"195-1053 At, St.",71M 5M0,Lviv oblast,Germany
Asher Manning,(466) 562-3535,ashermanning6457@yopmail.com,2595 Mauris Road,55330,Caquetá,Sweden
Elton Cabrera,1-327-776-7529,eltoncabrera8645@yopmail.com,"P.O. Box 239, 7024 Et Road",4346,South Jeolla,China
Adam Morin,1-617-818-4886,adammorin9651@yopmail.com,870-5187 In St.,8734,Rio de Janeiro,Turkey
Rooney Hamilton,(431) 484-0125,rooneyhamilton7578@yopmail.com,Ap #745-6775 Ligula. St.,67741-82797,Ulster,United States
Yuri Matthews,1-342-836-3722,yurimatthews477@yopmail.com,"P.O. Box 672, 7530 Elementum, Street",77-68,Ternopil oblast,Vietnam
Damon Hanson,1-113-137-9285,damonhanson3562@yopmail.com,"P.O. Box 380, 3510 Tincidunt St.",281726,Zakarpattia oblast,Chile
Bree Woodard,(333) 522-4977,breewoodard3578@yopmail.com,Ap #661-9767 Parturient Av.,87139-329,Guanacaste,India
Steven Santana,1-232-327-2678,stevensantana@yopmail.com,2914 Luctus. St.,57-74,Bình Dương,China
Jana Ellison,(672) 255-4633,janaellison@yopmail.com,Ap #871-5335 Ac Road,58860-253,Trentino-Alto Adige,Australia
Dillon Pugh,1-227-973-2940,dillonpugh@yopmail.com,"366-7114 Pellentesque, St.",8668,Illes Balears,India
Jennifer Nicholson,1-687-501-3186,jennifernicholson@yopmail.com,Ap #316-1167 Sed Road,23442,Gauteng,India
Imelda Brock,1-588-458-3003,imeldabrock@yopmail.com,558-957 Nam Street,6371,Madrid,South Korea
Jamal Manning,1-873-464-1397,jamalmanning@yopmail.com,"P.O. Box 199, 1351 Eu, Rd.",12312,Tennessee,Germany
Kristen Manning,1-758-753-9784,kristenmanning@yopmail.com,Ap #470-1397 Nunc St.,3276,Västra Götalands län,Austria
Plato Leonard,(395) 749-3504,platoleonard@yopmail.com,6347 Ultrices Av.,847575,Maluku,Belgium
Alisa Nunez,1-355-716-7799,alisanunez@yopmail.com,929-8532 Cras Rd.,6351,Sơn La,Ireland
Clementine Fowler,(502) 387-8153,clementinefowler@yopmail.com,4662 Mollis Avenue,2225,Munster,Norway
Shelly Hubbard,1-917-851-7819,shellyhubbard215@yopmail.com,681-8513 Penatibus Rd.,27149-82204,Southwestern Tagalog Region,Colombia
Rudyard Avila,1-666-744-7969,rudyardavila7945@yopmail.com,591-6316 Arcu Rd.,12403-156,Upper Austria,Pakistan
Laura Moss,(761) 309-2120,lauramoss@yopmail.com,6612 Diam Street,6236,Huáběi,Vietnam
Tanya Rose,(645) 856-5236,tanyarose@yopmail.com,580-6222 Dui Av.,466787,Córdoba,Sweden
Paul Fry,1-754-879-3237,paulfry6240@yopmail.com,"P.O. Box 525, 7735 Malesuada Street",1536 EN,Overijssel,Vietnam
Stacy Mcdaniel,(209) 448-6091,stacymcdaniel483@yopmail.com,Ap #271-1174 Dolor Street,21840-357,North Jeolla,United States
Jaime Joyner,1-363-771-4203,jaimejoyner@yopmail.com,"P.O. Box 672, 7192 Metus. Rd.",4952 MW,Podkarpackie,Spain
Leroy Hernandez,(992) 838-9183,leroyhernandez6634@yopmail.com,533-9341 Ante Avenue,65931,Jeju,New Zealand
Sigourney Horn,1-667-559-3176,sigourneyhorn1088@yopmail.com,Ap #764-9183 Vulputate St.,389715,İzmir,United Kingdom
Lionel Bowman,1-612-688-5850,lionelbowman1814@yopmail.com,800-5275 Posuere Av.,67877,FATA,United States
Kyla Lewis,(395) 845-4053,kylalewis775@yopmail.com,"Ap #539-1658 Nec, Ave",4408 SW,Huáběi,Sweden
Fallon Marks,1-871-528-6158,fallonmarks@yopmail.com,110-5204 Lacus. Avenue,7381,South Jeolla,Russian Federation
Kessie Marshall,(510) 345-4708,kessiemarshall4392@yopmail.com,242-4615 Dignissim St.,54431,Arizona,Sweden
Tara Ratliff,(847) 314-6121,tararatliff2813@yopmail.com,Ap #159-1847 Arcu St.,41124,Bắc Kạn,Italy
Kai Goodwin,1-319-141-7804,kaigoodwin4670@yopmail.com,8429 Tincidunt St.,4834,Bali,China
Adrienne Hamilton,(616) 816-3171,adriennehamilton85@yopmail.com,1604 Sem Rd.,2283,Gyeonggi,Mexico
Quinlan Fry,(316) 865-5386,quinlanfry3923@yopmail.com,Ap #214-4555 Turpis Rd.,2743,Alajuela,Nigeria
Lucian Davenport,1-698-898-1536,luciandavenport@yopmail.com,"P.O. Box 496, 5937 Cras Ave",2132-0826,Lviv oblast,South Africa
Willa Schroeder,(828) 743-8660,willaschroeder5905@yopmail.com,818-6456 Et Road,68578,Viken,Sweden
Dustin Ayala,(686) 834-3532,dustinayala3845@yopmail.com,Ap #749-6229 Neque Rd.,965863,Paraíba,Chile
Juliet Maxwell,(975) 828-8512,julietmaxwell@yopmail.com,Ap #839-1959 Interdum. Rd.,24836-34693,Alajuela,France
Malcolm Norris,(448) 975-3313,malcolmnorris7289@yopmail.com,"P.O. Box 530, 2236 Eu, St.",67-27,Western Visayas,Sweden
Berk Buck,1-742-165-8716,berkbuck5901@yopmail.com,1679 Quis Avenue,387586,Punjab,Ireland
Callie Gregory,(639) 489-1737,calliegregory1807@yopmail.com,Ap #470-4811 Egestas Street,1281,Leinster,Sweden
Asher James,1-150-578-2415,asherjames@yopmail.com,6349 Nunc Street,1875 EJ,Connacht,Norway
Keegan Gilmore,1-524-529-9885,keegangilmore3129@yopmail.com,Ap #554-2453 Nascetur St.,4827,Piemonte,Sweden
Zephania Moreno,1-781-835-7292,zephaniamoreno@yopmail.com,Ap #660-530 Mus. Street,90966,Møre og Romsdal,Peru
Leslie Hurley,(226) 781-6241,lesliehurley5226@yopmail.com,"716-5881 Amet, St.",566662,Mpumalanga,Australia
Phelan Hardy,1-624-254-7424,phelanhardy@yopmail.com,Ap #221-2932 Turpis Rd.,887382,South Island,Turkey
Hayley Strong,(311) 444-5823,hayleystrong5544@yopmail.com,Ap #485-6653 Curabitur Street,81629,Drenthe,Colombia
Travis Wilkerson,1-871-386-0053,traviswilkerson4685@yopmail.com,Ap #586-200 Adipiscing Ave,07861,Manitoba,Italy
Conan Foreman,1-116-922-1545,conanforeman@yopmail.com,873-4127 Feugiat. Avenue,658004,Connacht,Ireland
Ezekiel Parks,(144) 102-1588,ezekielparks@yopmail.com,802-6154 Nisi Street,84866,Extremadura,New Zealand
Erich Dawson,1-532-114-8372,erichdawson@yopmail.com,Ap #112-8152 Nulla Street,694650,Comunitat Valenciana,Italy
Hakeem Dudley,(993) 872-1262,hakeemdudley6416@yopmail.com,Ap #950-3798 Per Ave,511727,Victoria,Costa Rica
Hillary Franks,1-167-455-3713,hillaryfranks5170@yopmail.com,5806 Vehicula. Rd.,N2T 1LE,Munster,Brazil
Aspen Meadows,1-641-546-9378,aspenmeadows@yopmail.com,Ap #418-690 Nec Ave,559838,North West,Indonesia
Rama Vazquez,1-776-249-3297,ramavazquez2031@yopmail.com,848-1351 Mollis Street,54775,Chandigarh,Norway
Maggie Cherry,1-856-528-4312,maggiecherry4687@yopmail.com,"P.O. Box 747, 6636 Consequat St.",28231,Arica y Parinacota,Italy
Joan Schultz,1-152-224-1913,joanschultz@yopmail.com,151-8672 Tincidunt Road,FD40 6EH,Overijssel,Ukraine
Brian Day,1-343-370-0205,brianday@yopmail.com,4731 Sit Street,53751,Rio Grande do Sul,South Korea
Oleg Delgado,(108) 382-3560,olegdelgado5193@yopmail.com,Ap #848-8881 Sed St.,3283,Gelderland,Philippines
Alfonso Carver,1-326-575-0443,alfonsocarver@yopmail.com,385-5579 Non St.,4524,Vichada,Turkey
Medge Gaines,1-455-474-7228,medgegaines2079@yopmail.com,"P.O. Box 133, 3376 Risus St.",75632,New South Wales,Austria
Axel Wise,(473) 586-5358,axelwise4343@yopmail.com,564-5581 Elit Road,57-87,Lubuskie,South Korea
Wayne Combs,1-589-430-4196,waynecombs584@yopmail.com,Ap #542-4114 Sem Ave,326200,Bahia,Turkey
Raphael Wagner,1-491-461-6717,raphaelwagner@yopmail.com,670-6826 Feugiat. Street,4838,Pays de la Loire,Italy
Desiree Lawrence,(539) 184-2268,desireelawrence@yopmail.com,1279 Torquent Ave,789792,Kayseri,United Kingdom
Wynne Park,(943) 666-7793,wynnepark5382@yopmail.com,Ap #300-2094 Lectus. Avenue,27878,Stockholms län,Vietnam
Mariam Maynard,(519) 370-0403,mariammaynard6460@yopmail.com,"922-6575 A, St.",12865-513,Limousin,Belgium
Kylie Cobb,(616) 956-7354,kyliecobb@yopmail.com,9211 Mauris Rd.,64248-74625,Munster,Ireland
Carson Gonzalez,(254) 544-7218,carsongonzalez5929@yopmail.com,"P.O. Box 617, 5761 Est Rd.",76582,Central Region,Mexico
Clare Salazar,(865) 461-8761,claresalazar7209@yopmail.com,925-1504 Velit Av.,00485,West Nusa Tenggara,Germany
Emery Wooten,1-372-368-4512,emerywooten1057@yopmail.com,9948 Ipsum Avenue,411776,South Kalimantan,Singapore
Hu Benson,1-662-832-1163,hubenson@yopmail.com,560-7812 Justo Rd.,885868,Lạng Sơn,Pakistan
Gage Harrington,1-357-933-6248,gageharrington@yopmail.com,Ap #308-611 Duis Street,5241,Niedersachsen,Turkey
Simon Perkins,1-143-586-3522,simonperkins9134@yopmail.com,"P.O. Box 322, 6758 Tellus. Ave",757288,Lambayeque,United States
Genevieve Mcmillan,1-124-165-4738,genevievemcmillan491@yopmail.com,"P.O. Box 847, 7195 Tincidunt. Road",26824,Central Sulawesi,United Kingdom
Troy Mann,1-258-521-2020,troymann@yopmail.com,Ap #753-3624 Proin Street,40621-465,Jammu and Kashmir,United States
Marvin Gilmore,(874) 481-5391,marvingilmore8875@yopmail.com,"Ap #162-9253 Mauris, St.",9007 OX,West-Vlaanderen,Indonesia
Tatyana Colon,1-262-628-2442,tatyanacolon@yopmail.com,890-3156 Bibendum Rd.,45346-864,Nord-Pas-de-Calais,China
Laura Glenn,(869) 858-5375,lauraglenn8535@yopmail.com,"Ap #226-723 Id, Road",45246,Bắc Giang,Belgium
Reece Herrera,1-673-855-0651,reeceherrera@yopmail.com,Ap #586-9138 Blandit Avenue,03596,Yukon,Australia
Chancellor Robertson,1-252-457-5053,chancellorrobertson@yopmail.com,Ap #407-7602 Ut Rd.,3012,Murcia,Ireland
Jacqueline Camacho,(236) 471-6211,jacquelinecamacho3067@yopmail.com,Ap #653-2089 Non St.,5105,Brandenburg,South Korea
Dale Golden,1-434-217-9042,dalegolden8641@yopmail.com,"Ap #613-5003 Mi, Av.",8251,Antalya,Sweden
Ryder Poole,(322) 218-1149,ryderpoole@yopmail.com,1492 Eu Ave,13-55,Tyumen Oblast,Nigeria
Shellie Payne,(244) 328-7706,shelliepayne@yopmail.com,5199 Libero. St.,5531-4127,Manipur,Netherlands
Denise Thomas,1-428-787-7756,denisethomas3334@yopmail.com,"3243 Lobortis, Rd.",21368,Extremadura,France
Brooke Compton,(973) 406-8957,brookecompton3325@yopmail.com,Ap #821-6115 Nec Road,8801,Vlaams-Brabant,Turkey
Boris Luna,(867) 727-1803,borisluna@yopmail.com,Ap #418-8506 Tristique St.,58346,North Sumatra,Turkey
Signe Maynard,1-653-736-5132,signemaynard6870@yopmail.com,904-2536 Faucibus. Rd.,75S 1K8,Kogi,China
Tashya Gilmore,(401) 148-1144,tashyagilmore@yopmail.com,1738 Justo Avenue,73123,Östergötlands län,Russian Federation
Claudia Hatfield,1-897-486-9722,claudiahatfield@yopmail.com,Ap #262-7625 Nec Rd.,4537,Trentino-Alto Adige,Italy
Amal England,(445) 323-3978,amalengland7662@yopmail.com,Ap #717-5891 Ipsum. Street,30857,South Australia,Italy
Colorado Perry,1-434-452-7544,coloradoperry9883@yopmail.com,1835 Enim. Rd.,31347,South Island,Germany
Quamar Sears,1-300-835-6073,quamarsears9050@yopmail.com,846 Est St.,5564-5025,Veracruz,Germany
Katell Holman,1-158-179-1326,katellholman2636@yopmail.com,3421 Enim. Ave,143154,Île-de-France,Belgium
Devin Mccarty,(977) 222-8211,devinmccarty@yopmail.com,Ap #619-9166 Lobortis Street,H4M 8G8,West Region,Brazil
Savannah Mooney,(962) 783-1041,savannahmooney@yopmail.com,3384 Sapien St.,16191,Pembrokeshire,Costa Rica
Montana Hardin,1-415-567-6968,montanahardin@yopmail.com,"P.O. Box 425, 5211 Pellentesque, Rd.",973781,Vorarlberg,Costa Rica
Lani Graves,(395) 578-1291,lanigraves2258@yopmail.com,Ap #455-3758 Proin Rd.,216263,Risaralda,Mexico
Eaton Cantu,1-384-145-5928,eatoncantu5973@yopmail.com,"1135 Ut, Street",3816,Cantabria,Ukraine
Zelenia Mathis,1-762-312-3772,zeleniamathis9145@yopmail.com,Ap #341-4032 Aliquet Avenue,67378-512,Louisiana,Austria
Cyrus Emerson,1-358-774-5383,cyrusemerson@yopmail.com,"P.O. Box 111, 7675 Tincidunt, Avenue",71176,Central Visayas,Ukraine
Quynn Carroll,1-886-487-2838,quynncarroll@yopmail.com,997-2682 Ante Ave,44237,Basilicata,Sweden
Jelani Stewart,1-274-780-7135,jelanistewart4805@yopmail.com,"P.O. Box 669, 1077 Amet Rd.",9847,Belgorod Oblast,Russian Federation
Xandra Mckenzie,(214) 138-7744,xandramckenzie@yopmail.com,"P.O. Box 943, 5920 Nisi Rd.",453702,Zaporizhzhia oblast,Sweden
Melissa Roman,(266) 381-6639,melissaroman3068@yopmail.com,776-9483 Auctor St.,854625,Valparaíso,Chile
Lysandra Gallagher,(576) 847-9474,lysandragallagher3374@yopmail.com,"P.O. Box 787, 2432 Posuere Rd.",305777,Bình Định,Indonesia
Nehru Patton,(211) 967-1694,nehrupatton6032@yopmail.com,"Ap #989-1058 Ut, Av.",6157,Central Java,Australia
Cain Solis,(857) 503-9846,cainsolis@yopmail.com,"P.O. Box 986, 7140 Quisque Avenue",17815-738,Västra Götalands län,Germany
Vaughan Leach,(439) 742-2137,vaughanleach@yopmail.com,Ap #455-5513 Dictum Street,49447,Bremen,Brazil
Nash Rivas,(472) 339-5424,nashrivas@yopmail.com,Ap #661-2896 Accumsan St.,884512,Berlin,Australia
Aimee Evans,(235) 646-9524,aimeeevans@yopmail.com,207-9419 Mi Road,816882,Yukon,Australia
Dana Navarro,(412) 188-4788,dananavarro3786@yopmail.com,Ap #478-4296 Elementum Av.,885844,Ulster,France
Jayme Booker,1-618-770-6372,jaymebooker5413@yopmail.com,Ap #192-4876 Nunc Street,583734,Northern Territory,Philippines
Kasper Berg,(872) 681-3328,kasperberg5563@yopmail.com,5951 Vitae Street,458326,Monmouthshire,Indonesia
Tyler Mcdowell,1-745-152-4835,tylermcdowell2252@yopmail.com,585-4594 Elit Rd.,292574,Lubelskie,India
Flavia Reyes,(130) 348-3767,flaviareyes@yopmail.com,903-5293 Turpis. Rd.,14N 6M9,Huila,Nigeria
Emma Maynard,(313) 690-3867,emmamaynard@yopmail.com,301-1689 Eget Road,691335,Vinnytsia oblast,France
Ayanna Sanford,1-537-638-7545,ayannasanford@yopmail.com,933-9168 Quam St.,669785,Principado de Asturias,Brazil
Logan Prince,(754) 360-0531,loganprince8270@yopmail.com,159-1387 Neque St.,1577,Central Region,Turkey
Bruce Rocha,1-581-236-0255,brucerocha@yopmail.com,468-1878 Vel St.,60114,Brandenburg,Norway
Jessamine Vaughn,1-127-561-8844,jessaminevaughn@yopmail.com,"7630 Non, Ave",3537 MX,Lorraine,Australia
Chase Buckner,1-776-382-1113,chasebuckner@yopmail.com,8883 Adipiscing Road,21018-236,Connacht,Sweden
Illana Clements,(639) 756-6263,illanaclements1857@yopmail.com,"P.O. Box 806, 5211 Sodales Street",B9 0GU,Hồ Chí Minh City,Italy
Lavinia Cochran,1-768-863-2034,laviniacochran792@yopmail.com,136-4156 Mi Street,3437-0641,Aragón,Colombia
Kimberley Foster,1-539-334-8546,kimberleyfoster9549@yopmail.com,"P.O. Box 210, 2970 Habitant St.",124130,Ceará,France
Barry Mays,(136) 784-7119,barrymays@yopmail.com,774-8069 Et Street,59-588,Cartago,Ireland
September Yang,(655) 767-8883,septemberyang8546@yopmail.com,"Ap #658-5414 Lorem, Rd.",14163,Tây Ninh,Vietnam
Donovan Pennington,(751) 727-4776,donovanpennington5431@yopmail.com,Ap #926-2616 Vivamus St.,57563,North Jeolla,South Africa
Kane Perez,(634) 288-3042,kaneperez@yopmail.com,Ap #316-2928 Rutrum St.,73929,Sardegna,Brazil
Iris Cannon,1-755-744-0444,iriscannon@yopmail.com,Ap #615-6007 Diam. Rd.,392242,Eastern Visayas,Spain
Velma Dunn,(741) 536-4533,velmadunn4999@yopmail.com,Ap #117-7409 Integer St.,25722,Eastern Visayas,Belgium
Xandra Bonner,1-665-707-3198,xandrabonner1679@yopmail.com,Ap #331-8070 Mi. St.,72223-25542,Niedersachsen,Brazil
Autumn Michael,1-839-982-4580,autumnmichael6860@yopmail.com,"Ap #743-7042 Montes, Rd.",668356,Poltava oblast,Spain
Summer Contreras,1-515-350-2721,summercontreras2872@yopmail.com,"P.O. Box 892, 8545 Donec St.",30103,Oost-Vlaanderen,Turkey
Jasper Adams,1-980-659-3687,jasperadams4919@yopmail.com,"471-8184 Pharetra, Rd.",382284,Gilgit Baltistan,Peru
Garrison Wilcox,1-331-228-0226,garrisonwilcox@yopmail.com,"P.O. Box 223, 6782 Nec Street",73-574,Trøndelag,Spain
Zachery Snow,1-182-384-9236,zacherysnow@yopmail.com,Ap #482-3320 Sagittis Road,85252,Midi-Pyrénées,Peru
Buckminster Blair,1-421-338-7739,buckminsterblair7775@yopmail.com,809-1055 Non Rd.,564226,West Bengal,Australia
Clarke Blankenship,1-975-724-0491,clarkeblankenship3552@yopmail.com,"P.O. Box 558, 8912 Et St.",233044,Västra Götalands län,Mexico
Isaac Manning,(384) 783-8154,isaacmanning512@yopmail.com,"P.O. Box 821, 5710 Congue, Avenue",35635,West Bengal,Nigeria
Zachary Bradshaw,1-727-889-2633,zacharybradshaw@yopmail.com,"P.O. Box 783, 5766 Tristique Street",C6C 7IM,Smolensk Oblast,South Africa
Allegra Norris,1-688-652-7551,allegranorris@yopmail.com,Ap #861-4060 Hendrerit St.,GR12 5EK,Yucatán,South Africa
Wesley Hester,(277) 659-2103,wesleyhester@yopmail.com,"4784 Id, Avenue",R8J 4R5,Styria,Indonesia
Hyatt Mcpherson,1-881-238-0148,hyattmcpherson8383@yopmail.com,967-6329 Nec Street,418489,Tolima,Sweden
Kaseem Kelley,1-836-935-5268,kaseemkelley@yopmail.com,"9637 At, Avenue",17760,West Region,Philippines
Carter Hobbs,1-515-113-3852,carterhobbs@yopmail.com,Ap #596-4819 Natoque Road,8576,Delta,Poland
Hayes Holman,(298) 747-8645,hayesholman4179@yopmail.com,Ap #464-5410 Cras Avenue,61408,Zuid Holland,France
Autumn Hodge,1-746-655-6114,autumnhodge1155@yopmail.com,728-7972 Vivamus Rd.,4524,Tyrol,Philippines
Ferdinand Sampson,1-656-766-1656,ferdinandsampson@yopmail.com,"P.O. Box 123, 3797 Dictum St.",84757,Gauteng,South Africa
Gareth Hickman,(726) 644-8018,garethhickman@yopmail.com,567-8014 Dui. Rd.,6744,Huádōng,Australia
Harding Barnes,(414) 753-2544,hardingbarnes@yopmail.com,Ap #837-8732 Tellus. Avenue,77894,Brussels Hoofdstedelijk Gewest,Germany
Odysseus Wood,1-607-208-6676,odysseuswood@yopmail.com,"P.O. Box 250, 6284 Tellus Road",74565,Alberta,New Zealand
Kaitlin Vang,1-387-352-6789,kaitlinvang1739@yopmail.com,8134 Dolor Rd.,50115,Catalunya,Pakistan
Marvin Bryan,1-261-617-9832,marvinbryan8844@yopmail.com,2812 Gravida. Rd.,407675,Tabasco,Vietnam
Laith Whitfield,1-488-767-6752,laithwhitfield@yopmail.com,Ap #472-7620 At Rd.,3552,Niger,Chile
Branden Noble,(868) 746-3048,brandennoble9736@yopmail.com,239-3837 Nunc Rd.,0252 YQ,Limousin,United States
Sydney Fuentes,1-227-422-6315,sydneyfuentes6477@yopmail.com,Ap #451-7478 Fusce Rd.,88397-342,São Paulo,Germany
Lael Burch,1-236-820-3243,laelburch@yopmail.com,Ap #596-8518 Dis Av.,29319,Kocaeli,Philippines
Melodie Bennett,(333) 627-4866,melodiebennett3386@yopmail.com,"Ap #286-3209 A, Avenue",690257,Sokoto,Singapore
Joy Mcconnell,(457) 572-1821,joymcconnell4697@yopmail.com,875-4314 Parturient Av.,30958,Los Ríos,Indonesia
Travis Ferguson,(982) 317-5572,travisferguson@yopmail.com,877-3429 Eu St.,n1C 7Z2,Biobío,Costa Rica
Brennan Sampson,1-620-514-9262,brennansampson@yopmail.com,493-6379 Elit. Road,88442,Morelos,Ireland
Wayne Ferrell,(640) 201-7111,wayneferrell2654@yopmail.com,327-222 Magnis Street,55628,Jönköpings län,Turkey
Clare Horn,(833) 614-7153,clarehorn432@yopmail.com,636-1765 Nam Ave,79708,Västra Götalands län,South Africa
Jasmine Richmond,1-872-163-5554,jasminerichmond@yopmail.com,755-4088 Fringilla. Avenue,11707,Kocaeli,United States
Maryam Strong,(860) 512-4779,maryamstrong@yopmail.com,Ap #940-3990 Curabitur Street,746745,Kocaeli,Canada
Cathleen Farmer,1-236-784-3581,cathleenfarmer@yopmail.com,"553-1611 A, Road",59336-86695,Calabarzon,Turkey
Chelsea Zamora,1-811-632-1049,chelseazamora687@yopmail.com,"P.O. Box 897, 9610 Litora Avenue",807348,Eastern Cape,Philippines
Geoffrey Schultz,1-843-421-0747,geoffreyschultz9926@yopmail.com,575-7950 Mauris St.,7625-6165,Minnesota,Pakistan
Micah Rhodes,1-535-525-6293,micahrhodes@yopmail.com,152-7769 Vitae Rd.,8885,Huila,Indonesia
Brent Wise,1-184-851-5466,brentwise1950@yopmail.com,862-9534 Nunc Rd.,97710,South Island,Russian Federation
Clio Stark,1-638-281-7983,cliostark9893@yopmail.com,Ap #459-5454 Posuere Street,260624,Khmelnytskyi oblast,India
Porter Stewart,(557) 683-3868,porterstewart8122@yopmail.com,"P.O. Box 122, 9390 Cursus Street",41-561,Kurgan Oblast,Mexico
Sydney Horton,1-722-743-9513,sydneyhorton2518@yopmail.com,881-4870 Leo. Ave,7385,Punjab,Philippines
Rina Garner,(418) 535-9840,rinagarner@yopmail.com,258-6096 Lectus. Ave,5484,Bengkulu,Brazil
Reece Mosley,(367) 313-3430,reecemosley2873@yopmail.com,Ap #384-7340 Senectus St.,5355,Limón,France
James Riley,(744) 857-8309,jamesriley3654@yopmail.com,2758 Amet Ave,SW76 1BO,Wielkopolskie,Mexico
Kasper Bolton,1-726-651-2735,kasperbolton7086@yopmail.com,668-4353 Tellus Rd.,94468,Central Java,Australia
Derek Nieves,(256) 670-7237,dereknieves@yopmail.com,Ap #726-4439 Donec Avenue,67227,Clackmannanshire,Ukraine
Benedict Norman,(248) 453-7763,benedictnorman@yopmail.com,656-5762 Scelerisque Road,9427,Huádōng,Nigeria
Inez Osborne,(833) 888-9298,inezosborne@yopmail.com,Ap #975-6473 Nibh St.,6481,Sóc Trăng,South Korea
Mohammad Witt,(463) 455-7155,mohammadwitt@yopmail.com,3360 Aliquam Street,3022,Corse,Italy
Deanna Tyler,(865) 197-6124,deannatyler@yopmail.com,"P.O. Box 196, 5932 Ac, Ave",26-61,East Region,Spain
Hayley Ball,1-837-751-7833,hayleyball2926@yopmail.com,"P.O. Box 653, 9262 Dolor. Street",8580,Sumy oblast,Indonesia
Carter Lambert,(258) 274-7612,carterlambert@yopmail.com,"Ap #277-6450 Eget, St.",4887,Central Luzon,Belgium
Gay Doyle,(447) 470-7654,gaydoyle9436@yopmail.com,365-6470 Dui. Avenue,684808,Lower Austria,United States
Wing Browning,1-445-846-7151,wingbrowning@yopmail.com,"Ap #438-6687 A, Road",4487 YT,Khmelnytskyi oblast,United Kingdom
Rebecca Key,1-551-257-5139,rebeccakey@yopmail.com,"P.O. Box 669, 5489 Eu Street",6191,Namen,Austria
Hedwig Bernard,1-751-539-1667,hedwigbernard4662@yopmail.com,Ap #370-1156 Quam. St.,30408,Rio Grande do Sul,Costa Rica
Caesar Kaufman,1-288-172-8378,caesarkaufman5034@yopmail.com,185-1509 Mauris Avenue,8373,Gilgit Baltistan,China
Gareth Moon,(679) 728-2437,garethmoon3672@yopmail.com,Ap #216-4579 Tempus Avenue,5114,Lubuskie,Singapore
Margaret Cain,1-154-343-1186,margaretcain9581@yopmail.com,"P.O. Box 429, 8006 Non, Av.",5966-1671,Heredia,Vietnam
Ferris Gilbert,1-516-806-4187,ferrisgilbert@yopmail.com,455-4925 Fusce St.,87916-74621,Biobío,Peru
Adrian Charles,1-707-331-7292,adriancharles5648@yopmail.com,233-9415 Aliquet Ave,614305,Małopolskie,Germany
Jael Everett,1-556-589-3025,jaeleverett3777@yopmail.com,Ap #654-7675 Ut Road,GQ75 7IP,Cordillera Administrative Region,Italy
Allen Moss,1-382-346-2853,allenmoss3067@yopmail.com,384-8635 Dui. Rd.,52835,Nordrhein-Westphalen,Costa Rica
Maris House,1-483-408-9227,marishouse7053@yopmail.com,Ap #423-615 Lobortis Av.,85044,Carinthia,Ireland
Destiny Cote,1-259-443-5167,destinycote9785@yopmail.com,"P.O. Box 662, 4392 Consequat Street",23199,Dōngběi,South Africa
Griffin Finch,(710) 685-6887,griffinfinch2228@yopmail.com,"1945 Lacus, Rd.",60278,North West,Canada
Logan Mccall,1-311-766-6436,loganmccall@yopmail.com,6646 Dolor. Rd.,168746,Vichada,Canada
Lance Robles,1-718-342-2736,lancerobles5461@yopmail.com,100-5848 Eu Ave,39-58,Bretagne,Singapore
Kristen Clarke,1-416-464-6855,kristenclarke@yopmail.com,"9134 At, Avenue",MB1 6KD,Languedoc-Roussillon,Vietnam
Jessamine Porter,(251) 304-6563,jessamineporter5807@yopmail.com,"843-1999 Lacus, Av.",R8B 6X6,Limburg,Peru
Sheila Vega,(723) 201-0456,sheilavega2887@yopmail.com,580-7737 Nec Ave,12805-34882,Louisiana,Italy
Roary Morse,(240) 378-8818,roarymorse@yopmail.com,Ap #717-6584 Eleifend Avenue,11190,Khyber Pakhtoonkhwa,Peru
Doris Cotton,(865) 749-7053,doriscotton@yopmail.com,579-9484 Suspendisse Rd.,29761,Umbria,Mexico
Daquan Travis,1-772-631-2136,daquantravis4028@yopmail.com,"P.O. Box 625, 347 Quam Av.",315836,Bahia,Chile
Maisie Snyder,1-342-776-3548,maisiesnyder@yopmail.com,232 Duis Ave,7775,Western Cape,Belgium
Veda Ortiz,1-146-703-8731,vedaortiz@yopmail.com,"P.O. Box 109, 1427 Orci. Av.",27344,South Gyeongsang,Australia
Alma Hamilton,(540) 687-8543,almahamilton@yopmail.com,Ap #791-6919 Interdum Rd.,98447,Sverdlovsk Oblast,Philippines
Kalia Santiago,(575) 751-2697,kaliasantiago3738@yopmail.com,162-3460 Donec Street,723726,Bahia,United Kingdom
Mason Hood,1-125-356-6216,masonhood@yopmail.com,"P.O. Box 581, 2042 Enim. St.",8771,Auvergne,Ukraine
Kelly Patel,(533) 763-6406,kellypatel@yopmail.com,Ap #494-4977 Nascetur St.,85714,Östergötlands län,Italy
Jael Wyatt,(896) 867-5836,jaelwyatt637@yopmail.com,"P.O. Box 452, 116 Penatibus Avenue",25-336,Chihuahua,Chile
Sylvester Greene,(154) 804-6845,sylvestergreene@yopmail.com,591 Donec St.,642925,Eastern Cape,Peru
Yael Mooney,(442) 887-4309,yaelmooney6204@yopmail.com,"P.O. Box 351, 618 Elit. St.",4713,Aisén,Indonesia
Alan Fischer,1-817-696-7756,alanfischer5403@yopmail.com,"Ap #374-4133 Vel, Rd.",5127 EM,Manisa,Poland
Amir York,(247) 967-2233,amiryork2047@yopmail.com,2290 In Rd.,0641,Ulyanovsk Oblast,China
Quinn Mccarthy,(934) 632-2848,quinnmccarthy@yopmail.com,Ap #437-5297 Tincidunt Ave,224342,Viken,Italy
Quintessa Carrillo,(485) 845-1676,quintessacarrillo4224@yopmail.com,5774 Est. St.,228746,Southwestern Tagalog Region,New Zealand
Stephanie Cooper,(267) 762-6173,stephaniecooper@yopmail.com,249-133 Suspendisse Road,4462,Michoacán,Ireland
Lana Griffith,1-144-827-3626,lanagriffith@yopmail.com,Ap #873-753 Conubia Rd.,12483,Moscow City,Ireland
Oliver Abbott,(917) 843-8885,oliverabbott5763@yopmail.com,Ap #729-397 Pede. Rd.,4621,Nunavut,Ukraine
Paloma Blake,(453) 970-3936,palomablake@yopmail.com,"P.O. Box 998, 7573 Euismod St.",657642,Dadra and Nagar Haveli,New Zealand
Kirk Duke,(135) 835-4752,kirkduke@yopmail.com,Ap #244-6811 Massa. Rd.,7278,Distrito Capital,Norway
Kaseem Sears,(114) 289-5732,kaseemsears@yopmail.com,700-286 Velit Av.,528826,Haryana,United Kingdom
Leslie Horton,1-856-416-2552,lesliehorton801@yopmail.com,Ap #138-5937 Ut Avenue,55S 7R6,Stockholms län,Turkey
Isabelle Kaufman,(875) 141-9678,isabellekaufman@yopmail.com,Ap #697-1386 Dolor. Road,912865,Queensland,South Korea
Griffin Stokes,1-753-818-4194,griffinstokes3490@yopmail.com,282-5212 Ac Av.,673711,Davao Region,Costa Rica
Lawrence Chen,1-479-888-1034,lawrencechen@yopmail.com,Ap #185-8742 Lorem Avenue,38892,Lagos,Ireland
Leroy Case,1-447-464-5722,leroycase6019@yopmail.com,"P.O. Box 148, 7797 Sed Av.",441252,Tolima,Poland
April Bray,1-927-859-3719,aprilbray@yopmail.com,"P.O. Box 185, 8031 Aliquet Street",36137,Guanajuato,Netherlands
Reed Hamilton,1-778-853-8182,reedhamilton5863@yopmail.com,Ap #932-6658 Cursus Rd.,288794,Dalarnas län,Colombia
Fleur Hogan,(112) 633-5311,fleurhogan@yopmail.com,Ap #799-1024 Pede. St.,22112,Valle d'Aosta,Philippines
Ferris Charles,1-639-518-4754,ferrischarles1849@yopmail.com,"588-5286 Orci, St.",33324,Swiętokrzyskie,Indonesia
Gemma Sweet,(288) 236-1585,gemmasweet@yopmail.com,Ap #114-8033 Velit Ave,33779,Davao Region,Austria
Herrod Rivas,1-416-613-3368,herrodrivas6384@yopmail.com,269-577 Nam Avenue,410564,Swiętokrzyskie,Chile
Claire Shaffer,1-492-458-4056,claireshaffer6977@yopmail.com,"1425 Eleifend, St.",77255,West Sumatra,Sweden
Brooke Avery,(624) 863-0046,brookeavery8599@yopmail.com,"Ap #697-7035 Tincidunt, Rd.",s1W 1E3,Waals-Brabant,Nigeria
Eve Whitney,(711) 827-6503,evewhitney5484@yopmail.com,Ap #632-237 Aliquam Av.,62147,Mpumalanga,Philippines
Jenette Peterson,(908) 259-7082,jenettepeterson@yopmail.com,Ap #483-8882 Arcu St.,3322,Arkansas,Belgium
Audra Hickman,1-724-715-4873,audrahickman2657@yopmail.com,3247 Neque St.,28198,Overijssel,Belgium
Jordan Stout,1-986-976-1725,jordanstout@yopmail.com,435-7053 Massa Av.,7351-3812,Punjab,Chile
Geoffrey Padilla,1-278-474-6212,geoffreypadilla@yopmail.com,Ap #538-901 Nam St.,223783,Dalarnas län,Pakistan
Zephania O'Neill,1-952-534-5575,zephaniaoneill2741@yopmail.com,"P.O. Box 558, 3961 Nunc St.",01105,Ulster,Spain
Shad Daniels,1-401-476-3134,shaddaniels@yopmail.com,Ap #556-8355 Habitant St.,282222,Jharkhand,Poland
Sierra Guerra,(735) 884-8377,sierraguerra9465@yopmail.com,340-1413 Enim. St.,3832 LW,Murmansk Oblast,Philippines
George Warner,1-988-516-6104,georgewarner@yopmail.com,Ap #230-4958 Nec St.,58183-956,Queensland,Spain
Wallace Rasmussen,1-770-968-4817,wallacerasmussen2097@yopmail.com,"P.O. Box 151, 5625 Odio. St.",267696,Cusco,South Korea
McKenzie Lindsay,(643) 373-8555,mckenzielindsay4348@yopmail.com,1037 Dui. Road,34045,Imo,Chile
Ulysses Santiago,(234) 450-9368,ulyssessantiago@yopmail.com,8747 Quisque St.,4556,Omsk Oblast,Peru
Brooke Banks,1-444-436-5141,brookebanks@yopmail.com,"833-4541 Imperdiet, Road",3721,North Island,United States
Herrod Eaton,1-546-755-8435,herrodeaton744@yopmail.com,"612-2452 Est, St.",4179,Munster,Ireland
Noble Koch,(357) 620-3932,noblekoch@yopmail.com,"P.O. Box 476, 9809 Porta Street",53676,Leinster,Canada
Brielle Chavez,(900) 346-3685,briellechavez5274@yopmail.com,Ap #958-5867 Natoque Road,36412,Toscana,Sweden
Aaron Rogers,(665) 742-2247,aaronrogers207@yopmail.com,Ap #743-4099 Massa Road,378246,Friesland,Ireland
Amos Carpenter,(224) 257-5782,amoscarpenter@yopmail.com,"P.O. Box 748, 9647 Ac St.",738274,Sumy oblast,Sweden
Daquan Mercado,(262) 344-8664,daquanmercado@yopmail.com,8471 Luctus Rd.,2295,Đồng Tháp,United Kingdom
Shelby Robinson,(956) 203-7241,shelbyrobinson@yopmail.com,359-4977 Aliquam St.,8153 MT,South Australia,Turkey
Janna Hays,1-348-313-5935,jannahays4386@yopmail.com,"P.O. Box 160, 3583 Orci. Rd.",21481,Agder,Pakistan
Jade William,(126) 286-7275,jadewilliam@yopmail.com,Ap #538-1370 Pellentesque Street,17281,Maranhão,South Africa
Savannah Ferrell,(938) 347-2840,savannahferrell@yopmail.com,"Ap #326-9927 Ornare, St.",84204,Vaupés,South Korea
Russell Mcclure,1-332-343-4222,russellmcclure@yopmail.com,758-651 Pede. Street,E77 2XX,Pays de la Loire,Mexico
Venus Eaton,(516) 387-2234,venuseaton@yopmail.com,"114-4785 Vel, Ave",20297,Valparaíso,Colombia
Alice Barnes,(418) 437-8414,alicebarnes7512@yopmail.com,"Ap #228-4794 Est, St.",5138,Bắc Giang,Italy
Teagan Craft,(754) 288-3505,teagancraft@yopmail.com,3271 Augue Rd.,74156,North-East Region,Poland
Raymond Macias,(477) 814-6758,raymondmacias@yopmail.com,Ap #383-9055 Risus. St.,18-55,Arequipa,Netherlands
Eugenia Sampson,(126) 337-2667,eugeniasampson@yopmail.com,Ap #559-1916 Ut Avenue,552881,North Chungcheong,Mexico
Blake Bailey,1-280-652-3523,blakebailey@yopmail.com,Ap #609-4378 Risus. Avenue,2932,Mpumalanga,Spain
Fallon Gould,1-846-960-4795,fallongould@yopmail.com,Ap #179-7174 Tristique Ave,6467,Soccsksargen,Indonesia
Jelani Curry,1-363-664-7689,jelanicurry@yopmail.com,123-2675 Feugiat Avenue,626948,Kursk Oblast,Nigeria
Ezekiel Edwards,(327) 539-5438,ezekieledwards@yopmail.com,Ap #490-7018 Imperdiet Avenue,563417,Nagaland,Mexico
Jordan Hoffman,(179) 335-9181,jordanhoffman@yopmail.com,"Ap #393-980 In, Rd.",286778,Hidalgo,Indonesia
Ainsley Mcgowan,(657) 125-5914,ainsleymcgowan@yopmail.com,706-7621 Adipiscing St.,328724,Western Cape,United Kingdom
Cynthia Wall,(966) 546-7401,cynthiawall@yopmail.com,"P.O. Box 517, 1967 Enim St.",M1B 2IJ,South Jeolla,South Korea
Chastity Fox,1-227-715-9364,chastityfox@yopmail.com,Ap #181-2254 Sit St.,214721,Stockholms län,Vietnam
Kylan Banks,1-152-558-8169,kylanbanks9458@yopmail.com,"P.O. Box 566, 9749 Nonummy St.",R2W 8P3,San Luis Potosí,Peru
Joan Beck,1-692-720-6534,joanbeck882@yopmail.com,149-2305 Ac St.,03743,Meghalaya,South Africa
Trevor Good,1-853-673-3798,trevorgood@yopmail.com,"P.O. Box 200, 5362 Lorem St.",44-671,Melilla,Turkey
Angelica Watkins,1-892-413-7339,angelicawatkins@yopmail.com,Ap #507-5323 Tempor Rd.,D35 1ZJ,West-Vlaanderen,New Zealand
Suki Wilkins,(486) 975-1826,sukiwilkins@yopmail.com,Ap #328-6365 Nascetur Av.,72319,South Island,Spain
Adrienne Garrison,1-625-388-1276,adriennegarrison@yopmail.com,"Ap #266-4070 Vel, Rd.",302710,South Island,South Korea
Thaddeus Wolfe,(975) 335-1632,thaddeuswolfe2905@yopmail.com,"P.O. Box 606, 5159 Nunc Road",52944,Cà Mau,Spain
India Fuller,1-831-969-6838,indiafuller9943@yopmail.com,661-6968 Tempus St.,768781,Novosibirsk Oblast,Costa Rica
Finn Rich,1-446-629-5452,finnrich@yopmail.com,Ap #934-7094 Metus. St.,JX5M 0FB,North-East Region,Ireland
Galvin Sweet,1-812-481-9121,galvinsweet@yopmail.com,7128 Nisi. Av.,441192,Gyeonggi,Peru
Jaden Houston,(726) 400-9073,jadenhouston7432@yopmail.com,"Ap #738-4451 Est, St.",59328,Yucatán,Turkey
Xenos Wilson,1-515-378-2230,xenoswilson@yopmail.com,Ap #950-9016 Donec Rd.,E04 8QP,Tyrol,Ireland
Dacey Dorsey,1-930-570-6616,daceydorsey3732@yopmail.com,293-7848 Sapien. Rd.,3861,North Sumatra,Russian Federation
Henry Bonner,(729) 790-4178,henrybonner9788@yopmail.com,Ap #551-8579 Neque. Street,357328,Vologda Oblast,Ireland
Carl Estrada,(720) 631-3513,carlestrada9913@yopmail.com,"P.O. Box 209, 9498 Nonummy Road",66946-19154,South Island,Pakistan
Margaret Compton,1-646-514-4757,margaretcompton4158@yopmail.com,"P.O. Box 594, 6102 Viverra. Rd.",7753,Northwest Territories,Philippines
Penelope Michael,(512) 365-4022,penelopemichael@yopmail.com,"914-9726 Amet, St.",952430,Arunachal Pradesh,Canada
Unity Le,(139) 884-8918,unityle@yopmail.com,Ap #437-1978 Ac Rd.,23553,Phú Yên,Brazil
Matthew Rose,1-926-145-7952,matthewrose@yopmail.com,Ap #429-5523 Nisl. Street,56129,Junín,Turkey
Gail Wilkerson,(933) 345-3485,gailwilkerson1377@yopmail.com,449-426 Vestibulum Av.,6878,Ceuta,Ukraine
Jackson Haynes,(686) 987-5875,jacksonhaynes@yopmail.com,940-4937 Velit Av.,3562,San Luis Potosí,Ireland
Maxwell Barber,(343) 608-7064,maxwellbarber@yopmail.com,Ap #407-9762 Sem St.,67811,Papua,Costa Rica
Ivy Justice,(265) 719-1068,ivyjustice4076@yopmail.com,Ap #506-8894 Magna Av.,355657,Leinster,Spain
Velma Bentley,1-303-318-2344,velmabentley2862@yopmail.com,978-8123 Pharetra. Road,9795,Piura,Singapore
Dustin O'connor,(234) 312-2431,dustinoconnor9422@yopmail.com,8286 Aliquet Av.,5148,Van,Brazil
Bradley Lester,1-234-638-1976,bradleylester5900@yopmail.com,977-9447 Suscipit Road,10808,Hidalgo,Italy
Marvin Riddle,(736) 681-8377,marvinriddle9866@yopmail.com,"P.O. Box 115, 7798 Enim. Street",8828,Ancash,South Korea
Brooke Hubbard,(174) 317-9666,brookehubbard6871@yopmail.com,"P.O. Box 854, 4413 Accumsan Rd.",74773-365,Maranhão,Norway
Gisela Reilly,(892) 762-3636,giselareilly@yopmail.com,892-5240 Adipiscing. Av.,12-468,Xīnán,South Korea
Rudyard Small,(105) 783-5365,rudyardsmall6782@yopmail.com,Ap #823-3011 Dictum Rd.,78351,Georgia,Turkey
Mark Acevedo,1-831-879-6088,markacevedo2209@yopmail.com,Ap #385-9083 Dui. Avenue,7272,Tasmania,India
Leo Knight,(909) 319-9255,leoknight2945@yopmail.com,Ap #644-9053 Orci Road,26638,New South Wales,Germany
Justina Vaughan,1-346-432-7361,justinavaughan@yopmail.com,"Ap #295-8861 Suscipit, Ave",44326,Tasmania,Netherlands
Martin Lopez,1-112-379-9010,martinlopez9757@yopmail.com,2472 Eu St.,74780-51347,Rogaland,Netherlands
Dacey Diaz,1-873-832-2762,daceydiaz@yopmail.com,"P.O. Box 754, 1740 Luctus Rd.",75689,Troms og Finnmark,South Africa
Preston Chen,(417) 410-2322,prestonchen@yopmail.com,6037 Lacus. Rd.,77586,Istanbul,Chile
Leslie Cantu,1-507-628-0356,lesliecantu@yopmail.com,855-379 Auctor Avenue,1138,Montana,United Kingdom
Hammett Franco,(462) 308-1382,hammettfranco3334@yopmail.com,"646-7022 Et, Road",91-967,Munster,South Africa
Ishmael Le,1-794-186-7631,ishmaelle@yopmail.com,"P.O. Box 363, 7887 Est, Av.",52377,São Paulo,Canada
Cynthia Manning,1-875-654-5936,cynthiamanning@yopmail.com,738-6464 Cum St.,4539,Nordland,Nigeria
Wendy Campbell,(184) 687-1288,wendycampbell9845@yopmail.com,452-9681 Orci Street,2136 ES,Cusco,France
Jessamine Marshall,(841) 300-3966,jessaminemarshall@yopmail.com,Ap #743-1528 Erat St.,78370,Michoacán,Germany
Tarik Gibson,(703) 791-8278,tarikgibson6354@yopmail.com,615-2513 Augue Rd.,0366,Metropolitana de Santiago,China
Wyatt Stewart,(211) 414-1174,wyattstewart7888@yopmail.com,"P.O. Box 810, 344 Suspendisse St.",47654,South Chungcheong,Poland
Leah Foreman,(394) 373-2899,leahforeman7277@yopmail.com,6232 Pellentesque St.,15-15,O'Higgins,Mexico
Francis Cohen,1-877-261-5875,franciscohen@yopmail.com,315-8460 Et Road,635811,İzmir,Canada
Jolene Mayer,(892) 595-3712,jolenemayer1705@yopmail.com,326-1083 Eros Avenue,3537,Lower Austria,France
Avram Murphy,(783) 654-7802,avrammurphy4557@yopmail.com,Ap #216-8949 Nam St.,86836,Leinster,United Kingdom
Kirestin Monroe,(278) 125-7111,kirestinmonroe6827@yopmail.com,393-7526 Tristique Av.,6863,Lombardia,Netherlands
Barrett Richardson,(684) 588-6665,barrettrichardson4621@yopmail.com,442-1991 Natoque Street,28781,Illes Balears,Netherlands
Arsenio Drake,(313) 293-5218,arseniodrake5823@yopmail.com,"P.O. Box 743, 4268 Eu St.",I4E 2V2,Alabama,Chile
Kermit Dudley,1-565-443-6664,kermitdudley620@yopmail.com,"Ap #305-6243 Est, Road",4167,Northern Cape,Ireland
Bernard Morgan,1-255-351-6266,bernardmorgan9728@yopmail.com,465-5623 Ipsum Road,33444,Møre og Romsdal,Colombia
Alice Parrish,(947) 269-4993,aliceparrish383@yopmail.com,557-4226 Congue. St.,729589,Arequipa,China
Richard Lamb,(839) 264-3677,richardlamb@yopmail.com,628-1004 Metus St.,65662,Gorontalo,France
Sonia Mcclain,(577) 478-8668,soniamcclain8179@yopmail.com,4499 Donec Road,40144,Arizona,India
Rogan Goff,1-406-348-6280,rogangoff@yopmail.com,Ap #877-3779 Viverra. Ave,2071,Ulster,Brazil
Kameko Murray,1-311-495-3959,kamekomurray9995@yopmail.com,876-1630 Mi Street,G4S 9T6,Southwestern Tagalog Region,Colombia
Tiger Rich,1-276-288-2194,tigerrich@yopmail.com,"8392 Nec, St.",37728,Ontario,Belgium
Bell Holden,1-441-660-8843,bellholden@yopmail.com,"P.O. Box 988, 5697 Tellus. Rd.",12342,Waals-Brabant,New Zealand
Kato Richards,(711) 121-3963,katorichards5815@yopmail.com,Ap #444-7086 Mauris Avenue,4896,Xīběi,Colombia
Kamal Horne,1-435-484-6144,kamalhorne9920@yopmail.com,339-1585 Ligula St.,32876-24387,South Island,United States
Jonah Blanchard,(248) 272-9983,jonahblanchard@yopmail.com,372-7797 Vitae Rd.,325859,Nordland,United Kingdom
Keely Roach,1-553-782-7677,keelyroach4644@yopmail.com,7080 Eros Av.,4397,Melilla,United States
Shay Richmond,(581) 657-9233,shayrichmond@yopmail.com,277-4010 Aliquam Rd.,4584 JD,Cordillera Administrative Region,Philippines
Rhea Shannon,(650) 222-2982,rheashannon@yopmail.com,Ap #336-6844 Luctus Av.,160462,Gangwon,France
Amethyst Richmond,(242) 372-8766,amethystrichmond@yopmail.com,667-5626 Consequat Rd.,2338,Central Kalimantan,Russian Federation
Asher Hurst,(813) 851-1313,asherhurst5464@yopmail.com,Ap #303-6167 Amet Ave,16728,Rio de Janeiro,Russian Federation
Liberty Barr,1-348-512-6354,libertybarr6811@yopmail.com,"P.O. Box 834, 6352 A Av.",137575,Västra Götalands län,Ukraine
Ahmed Lara,1-317-488-2523,ahmedlara@yopmail.com,820-8951 Lacinia Ave,48966,South Island,Netherlands
Zenaida Nunez,(641) 162-6832,zenaidanunez5661@yopmail.com,"P.O. Box 564, 440 Aenean St.",LK7 1AW,Los Ríos,United Kingdom
Moana Morrison,(120) 518-3471,moanamorrison9789@yopmail.com,859-1562 Molestie St.,A44 8UX,Andhra Pradesh,Singapore
Yetta Solomon,1-583-552-8715,yettasolomon8911@yopmail.com,"Ap #510-455 Pede, Ave",32784,Canarias,Spain
Joan Cooke,(428) 187-2439,joancooke@yopmail.com,Ap #139-3909 Dolor Road,44522,Western Australia,Spain
Quynn Thompson,(811) 885-1344,quynnthompson@yopmail.com,Ap #561-2119 Dictum Road,2187,Dnipropetrovsk oblast,Pakistan
Adrian Clark,1-379-804-2242,adrianclark2872@yopmail.com,"927-3233 Erat, Rd.",9496,Manisa,Mexico
Kiara Davidson,1-459-513-1037,kiaradavidson@yopmail.com,Ap #517-6876 Urna St.,181555,Nova Scotia,Belgium
Kitra Juarez,(755) 154-4609,kitrajuarez@yopmail.com,Ap #848-9069 Volutpat Road,3874,Guanacaste,Ireland
Lacota Dickson,(542) 292-1295,lacotadickson@yopmail.com,586-8515 Dignissim Ave,452543,Kogi,Pakistan
Martha Pugh,1-254-164-8336,marthapugh@yopmail.com,380-2092 Ullamcorper. St.,311357,Friuli-Venezia Giulia,Turkey
Steel Walter,(877) 663-8574,steelwalter5340@yopmail.com,3343 Ultrices Avenue,40132,Santa Catarina,Vietnam
Adrian Mcintyre,1-544-581-1748,adrianmcintyre@yopmail.com,311-2258 Molestie Av.,9505-0388,New South Wales,Vietnam
Haley Gillespie,(816) 251-6346,haleygillespie@yopmail.com,Ap #223-6583 Nonummy. St.,65-956,Centre,Canada
Jasper Chang,(315) 255-8699,jasperchang7493@yopmail.com,3574 At St.,35833,Ulster,Indonesia
Camilla Kinney,1-837-805-8742,camillakinney3395@yopmail.com,Ap #270-4435 Dolor. St.,27055,Leinster,Brazil
Ashely Hampton,(561) 385-9185,ashelyhampton@yopmail.com,9879 Elit. Street,61527,Benue,Spain
Hashim Shepherd,(705) 723-4716,hashimshepherd485@yopmail.com,"P.O. Box 909, 3051 Et St.",01796,Minnesota,Mexico
Emi Hurley,(502) 463-8786,emihurley@yopmail.com,Ap #923-5443 Convallis Rd.,886772,Queensland,Brazil
Barry Gomez,1-818-890-1418,barrygomez@yopmail.com,751-6639 A Ave,23646,Sląskie,Peru
Matthew Newton,1-621-441-8450,matthewnewton@yopmail.com,"982-4796 Vestibulum, Ave",16934,Eastern Visayas,South Korea
Bree Sears,(494) 535-5336,breesears7494@yopmail.com,9718 Feugiat St.,3137,Ontario,Vietnam
Zeus Pope,1-444-764-3428,zeuspope@yopmail.com,Ap #987-4843 Tempus St.,52887,Quindío,Indonesia
Ezekiel Bright,(225) 342-8686,ezekielbright@yopmail.com,"P.O. Box 400, 3533 Elementum, Av.",3127,Östergötlands län,Nigeria
Quinn Chan,(574) 874-5693,quinnchan@yopmail.com,"P.O. Box 476, 722 Urna Avenue",7805 IJ,Cusco,Norway
Aladdin Bradshaw,1-227-654-4354,aladdinbradshaw1891@yopmail.com,Ap #304-8743 Sapien. Rd.,8428,Sucre,India
Knox Harper,1-707-548-6727,knoxharper222@yopmail.com,Ap #740-1815 Ultrices Rd.,74-77,Burgenland,Pakistan
Sheila Mueller,(737) 896-6128,sheilamueller@yopmail.com,783-4165 Purus St.,86-38,La Guajira,Pakistan
Kermit Cruz,(544) 844-3150,kermitcruz8169@yopmail.com,"7447 Pede, Street",36775131,South Island,Pakistan
Meredith Pratt,(477) 401-0998,meredithpratt@yopmail.com,276-9758 Sed St.,8881,Lorraine,New Zealand
Rina Taylor,1-986-872-6274,rinataylor5363@yopmail.com,885-7945 Mauris Avenue,787519,Kincardineshire,Italy
Basil Levine,(847) 613-7526,basillevine6214@yopmail.com,Ap #600-3646 Ultrices Ave,566335,Gilgit Baltistan,France
Kuame Moss,1-393-766-6886,kuamemoss1651@yopmail.com,207-5038 Pulvinar Rd.,953377,Donetsk oblast,Sweden
Omar Bailey,(702) 421-4546,omarbailey@yopmail.com,"P.O. Box 906, 6834 Et Rd.",640826,Điện Biên,Turkey
Brody Harrison,1-721-878-6696,brodyharrison@yopmail.com,434-5601 Integer St.,4581,Cusco,Mexico
Sean Randall,1-538-484-7784,seanrandall@yopmail.com,438-7140 Quis St.,1136 NP,Washington,Italy
Daryl Robinson,(927) 122-5889,darylrobinson6732@yopmail.com,"P.O. Box 765, 3831 Mattis. Av.",285391,La Libertad,Singapore
Chaim Tucker,(327) 427-8615,chaimtucker7134@yopmail.com,"2669 Dui, Road",05289,Corse,United States
Hoyt Hawkins,(375) 504-3463,hoythawkins@yopmail.com,700-5785 Ipsum St.,21010,Sevastopol City,Chile
Devin Moreno,1-615-855-8758,devinmoreno8943@yopmail.com,3333 Tellus Street,2157 ST,Ontario,Austria
Ali Walsh,1-142-604-8374,aliwalsh2170@yopmail.com,506-613 Hendrerit Ave,86654,Central Region,Mexico
Adele Patterson,1-171-281-9513,adelepatterson@yopmail.com,8593 Et Rd.,7354,Pernambuco,China
Octavia Jackson,1-374-428-2086,octaviajackson1415@yopmail.com,663-6380 Egestas. Street,68572,Lower Austria,Peru
Gisela Bentley,(972) 232-6431,giselabentley8255@yopmail.com,416-7249 Duis Road,187523,Saskatchewan,Belgium
Noelle Hoffman,1-887-316-2445,noellehoffman3202@yopmail.com,Ap #494-4352 Et St.,A2B 2Y5,Noord Brabant,Brazil
Evangeline Bruce,(288) 616-4629,evangelinebruce@yopmail.com,Ap #705-458 Eu Rd.,3127,South Jeolla,New Zealand
Charles Nash,1-834-852-8335,charlesnash151@yopmail.com,Ap #656-3577 Sit Rd.,5674,Chernivtsi oblast,India
Mufutau Molina,1-224-887-7188,mufutaumolina112@yopmail.com,"P.O. Box 805, 6335 Consectetuer Avenue",617681,Tyrol,Spain
Hedy Baker,(325) 845-3586,hedybaker3048@yopmail.com,4931 Phasellus Road,44-357,Gävleborgs län,United Kingdom
Beatrice Miranda,1-341-522-4441,beatricemiranda724@yopmail.com,Ap #615-6241 Nonummy St.,9454-6548,Cao Bằng,Chile
Felix Wells,1-842-621-4924,felixwells7633@yopmail.com,209-2101 Semper Av.,26-15,Piura,United Kingdom
Darryl Leblanc,(928) 513-4774,darrylleblanc@yopmail.com,7543 Rhoncus. St.,47643,Ancash,Brazil
Judith Chan,1-557-751-5357,judithchan9576@yopmail.com,"P.O. Box 829, 4002 Maecenas Street",21811,Limpopo,Ireland
Ahmed Delgado,(510) 757-6745,ahmeddelgado@yopmail.com,"P.O. Box 322, 5377 Ultrices, Rd.",20426,Zuid Holland,United States
Judith Abbott,(439) 718-1857,judithabbott@yopmail.com,"P.O. Box 131, 2506 Dignissim Avenue",5325,Tasmania,South Africa
Katelyn Mcdowell,(807) 438-8520,katelynmcdowell8919@yopmail.com,5617 Eget Av.,610378,Bursa,India
Pearl Alston,(628) 584-0582,pearlalston546@yopmail.com,"750-774 Orci, Av.",22H 1S1,Balochistan,Vietnam
Chandler Barrett,1-740-865-4322,chandlerbarrett@yopmail.com,712-8363 Mattis Rd.,1424,Valle d'Aosta,United States
Guinevere Grimes,(667) 557-4149,guineveregrimes@yopmail.com,Ap #884-4245 Odio. St.,612684,Ternopil oblast,Nigeria
Rhiannon Flores,(605) 259-3423,rhiannonflores3495@yopmail.com,"P.O. Box 422, 5167 Orci St.",7466,Osun,Russian Federation
Hiroko Nunez,(651) 802-7369,hirokonunez8413@yopmail.com,7185 Nunc St.,6795,Illes Balears,Austria
Ahmed Marquez,1-781-338-8833,ahmedmarquez751@yopmail.com,656-1779 Tortor. Av.,50216,Magallanes y Antártica Chilena,South Korea
Mary Camacho,(203) 414-4428,marycamacho1256@yopmail.com,343 Tempor Street,975972,North Island,Netherlands
Lael Alford,(684) 414-4713,laelalford9281@yopmail.com,"Ap #945-2361 Sapien, Rd.",0918 IE,Borno,Nigeria
Jolene Gentry,1-275-270-2709,jolenegentry8055@yopmail.com,5069 Vestibulum Rd.,26114,Istanbul,Norway
Grace Hickman,(859) 526-6298,gracehickman47@yopmail.com,8280 Erat Street,23283,San Andrés y Providencia,Costa Rica
Rebecca Roth,1-521-847-8530,rebeccaroth4208@yopmail.com,Ap #215-3769 Dapibus Street,Q8 6FO,Western Cape,Ukraine
Audra Mclean,1-253-876-4341,audramclean3460@yopmail.com,Ap #488-6589 Arcu. Road,573416,Balochistan,Russian Federation
Levi Savage,(696) 897-8415,levisavage@yopmail.com,"465-3608 Lorem, St.",53033,Gävleborgs län,Canada
Alvin Garrison,1-652-467-9037,alvingarrison686@yopmail.com,"P.O. Box 658, 3334 Ut St.",88840-97581,North Island,Vietnam
Chancellor Olsen,(494) 814-7373,chancellorolsen@yopmail.com,Ap #697-7376 Donec Rd.,530882,Samara Oblast,Austria
Zeph Dejesus,1-517-641-8176,zephdejesus3508@yopmail.com,1592 Cras Av.,28063-128,Alberta,United States
Dalton Hancock,1-372-496-6684,daltonhancock5597@yopmail.com,"P.O. Box 471, 397 Augue St.",58348,North Gyeongsang,Norway
Lucian Scott,(599) 444-7430,lucianscott5957@yopmail.com,"P.O. Box 386, 1012 Urna St.",87-917,Queensland,Netherlands
Aphrodite Dudley,(444) 628-4830,aphroditedudley@yopmail.com,Ap #220-6106 Ultrices Street,0843,Northumberland,India
Byron Mccormick,1-527-867-8599,byronmccormick@yopmail.com,Ap #165-7019 Magna Av.,XV51 5WG,Aragón,New Zealand
Dominic Rodriguez,(361) 240-6777,dominicrodriguez1912@yopmail.com,623-3067 Sed Rd.,207535,Limpopo,Belgium
Echo Moss,(507) 611-7775,echomoss@yopmail.com,"P.O. Box 302, 6419 Risus. Road",3486,Cà Mau,Ireland
Lucy Cervantes,(489) 323-4364,lucycervantes8858@yopmail.com,Ap #743-2710 Ultrices St.,1334,North Island,United Kingdom
Kuame Hodge,(176) 263-2368,kuamehodge@yopmail.com,Ap #515-9376 Augue. Street,83-568,KwaZulu-Natal,South Korea
Naomi Cole,(225) 226-6692,naomicole6342@yopmail.com,Ap #680-4312 Enim. Avenue,215362,Noord Holland,Peru
Britanney Allison,1-518-897-6204,britanneyallison9075@yopmail.com,722 Pede. Av.,4395,Khyber Pakhtoonkhwa,Ireland
Cairo Benson,1-253-345-3316,cairobenson@yopmail.com,"P.O. Box 554, 6373 Amet Street",2783,Sardegna,Costa Rica
Brody Ward,1-114-187-2143,brodyward@yopmail.com,Ap #924-9828 Molestie Street,16915,Cumberland,France
Barrett Park,(991) 384-6467,barrettpark@yopmail.com,884-3244 Et Av.,88491-177,Jigawa,New Zealand
Myles Sosa,1-768-741-7942,mylessosa5017@yopmail.com,572-5621 Velit. Avenue,7290,Bangsamoro,Canada
Gray Mcpherson,(313) 413-5457,graymcpherson3550@yopmail.com,9677 Nibh St.,738112,Western Australia,Italy
Phoebe Joyce,1-126-198-7561,phoebejoyce@yopmail.com,Ap #472-9789 Dolor Avenue,55172,Maule,United Kingdom
Chava Hawkins,1-231-265-8785,chavahawkins3150@yopmail.com,"P.O. Box 368, 8824 Libero Rd.",6728,Bremen,Brazil
Brooke Kelley,1-580-288-9724,brookekelley@yopmail.com,758-4228 Aenean St.,7350 PI,Podlaskie,Singapore
Brittany Huber,(711) 231-6450,brittanyhuber8097@yopmail.com,849-1541 Elit. Rd.,3831,Central Luzon,Brazil
Carter Mercado,(581) 316-8345,cartermercado8985@yopmail.com,"P.O. Box 978, 398 Enim Rd.",22608,Chiapas,Ireland
Jaden Suarez,1-644-540-6052,jadensuarez@yopmail.com,Ap #859-8224 Nisi Rd.,422749,Caquetá,Philippines
Evan Mccormick,1-767-110-1672,evanmccormick2439@yopmail.com,Ap #750-3249 Eu Av.,2477,Calabria,Germany
Julian Lamb,1-273-487-8516,julianlamb@yopmail.com,Ap #314-7657 Velit. St.,59963,Vlaams-Brabant,Sweden
Penelope Leonard,1-428-700-4754,penelopeleonard8587@yopmail.com,Ap #206-3999 A Av.,467616,La Rioja,Poland
Whoopi Mann,(432) 633-0437,whoopimann@yopmail.com,"2318 A, Rd.",83440,Małopolskie,India
Garth Terrell,1-881-373-5041,garthterrell@yopmail.com,Ap #406-5665 Lacus. Rd.,106482,Gävleborgs län,Spain
Cade Morse,1-760-785-5091,cademorse@yopmail.com,Ap #435-5697 Mauris Road,58652,South Island,China
Tanner Wells,(643) 435-3773,tannerwells@yopmail.com,"Ap #487-5618 Dui, Ave",28872,Pennsylvania,Nigeria
Lisandra Kelley,(427) 631-2448,lisandrakelley@yopmail.com,"P.O. Box 162, 9013 Et Rd.",2573,Ternopil oblast,Costa Rica
Nita Hammond,(155) 372-6138,nitahammond@yopmail.com,6599 Dapibus Avenue,214204,Hà Nam,India
Kenyon Bryant,1-774-332-1831,kenyonbryant@yopmail.com,2232 Nisi Street,8555,Nordland,Sweden
Jasper Woods,(349) 772-5235,jasperwoods2382@yopmail.com,"457-4890 Lorem, St.",5275-3458,Eastern Cape,Philippines
